estId,inspectionDate,n_raw_rows,n_distinct_infractions,max_repeat_of_single_infraction,addr_variants_within_inspection,ratio
001Vo000013PoTqIAK,2025-06-13,2,1,2,2,2.0
001Vo000013PoTqIAK,2026-05-07,2,1,2,2,2.0
001Vo000013QE4dIAG,2024-08-06,6,3,2,2,2.0
001Vo000013QE4dIAG,2024-08-20,2,1,2,2,2.0
001Vo000013QE4dIAG,2025-07-31,8,4,2,2,2.0
001Vo000013QE4dIAG,2026-03-06,4,2,2,2,2.0
001Vo000013QSCWIA4,2024-02-15,2,1,2,2,2.0
001Vo000013QSCWIA4,2024-07-29,4,2,2,2,2.0
001Vo000013QSCWIA4,2024-12-09,4,2,2,2,2.0
001Vo000013QSCWIA4,2025-04-02,6,3,2,2,2.0
001Vo000013QSCWIA4,2025-08-14,4,2,2,2,2.0
001Vo000013QSCWIA4,2025-12-08,2,1,2,2,2.0
001Vo000013QSCWIA4,2026-03-18,4,2,2,2,2.0
001Vo000013QUJHIA4,2024-06-10,2,1,2,2,2.0
001Vo000013QUJHIA4,2025-03-10,2,1,2,2,2.0
001Vo000013QUJHIA4,2026-04-13,2,1,2,2,2.0
001Vo000013QcrwIAC,2023-12-13,2,1,2,2,2.0
001Vo000013QcrwIAC,2024-11-13,2,1,2,2,2.0
001Vo000013QcrwIAC,2025-06-05,4,2,2,2,2.0
001Vo000013QcrwIAC,2026-02-04,6,3,2,2,2.0
001Vo000013Qe1FIAS,2024-08-07,2,1,2,2,2.0
001Vo000013Qe1FIAS,2025-04-01,2,1,2,2,2.0
001Vo000013Qe1FIAS,2025-11-21,2,1,2,2,2.0
001Vo000013Qe1FIAS,2026-04-14,2,1,2,2,2.0
001Vo000013Qh0WIAS,2024-07-04,6,3,2,2,2.0
001Vo000013Qh0WIAS,2024-11-22,2,1,2,2,2.0
001Vo000013Qh0WIAS,2025-04-11,8,4,2,2,2.0
001Vo000013Qh0WIAS,2025-08-20,10,5,2,2,2.0
001Vo000013Qh0WIAS,2025-11-07,2,1,2,2,2.0
001Vo000013Qh0WIAS,2026-04-03,4,2,2,2,2.0
001Vo000013QhE4IAK,2024-11-21,10,5,2,2,2.0
001Vo000013QhE4IAK,2025-07-22,4,2,2,2,2.0
001Vo000013QhE4IAK,2026-06-08,4,2,2,2,2.0
001Vo000013QhezIAC,2024-04-30,2,1,2,2,2.0
001Vo000013QhezIAC,2025-03-26,2,1,2,2,2.0
001Vo000013QhezIAC,2026-02-23,2,1,2,2,2.0
001Vo000013QhhlIAC,2024-03-13,8,4,2,2,2.0
001Vo000013QhhlIAC,2024-10-11,18,9,2,2,2.0
001Vo000013QhhlIAC,2024-10-17,2,1,2,2,2.0
001Vo000013QhhlIAC,2025-08-05,2,1,2,2,2.0
001Vo000013QhhlIAC,2025-10-16,2,1,2,2,2.0
001Vo000013QhhlIAC,2026-02-13,2,1,2,2,2.0
001Vo000013QiEPIA0,2023-12-18,2,1,2,2,2.0
001Vo000013QiEPIA0,2024-02-27,2,1,2,2,2.0
001Vo000013QiEPIA0,2024-06-03,2,1,2,2,2.0
001Vo000013QiEPIA0,2024-10-03,2,1,2,2,2.0
001Vo000013QiEPIA0,2025-02-24,2,1,2,2,2.0
001Vo000013QiEPIA0,2025-06-23,2,1,2,2,2.0
001Vo000013QiEPIA0,2025-10-16,2,1,2,2,2.0
001Vo000013QiEPIA0,2026-02-26,2,1,2,2,2.0
001Vo000013QirJIAS,2024-08-01,2,1,2,2,2.0
001Vo000013QirJIAS,2025-04-02,2,1,2,2,2.0
001Vo000013QirJIAS,2025-10-23,2,1,2,2,2.0
001Vo000013QirJIAS,2026-03-27,2,1,2,2,2.0
001Vo000013QjkRIAS,2024-12-11,4,2,2,2,2.0
001Vo000013QjkRIAS,2025-04-01,2,1,2,2,2.0
001Vo000013QjkRIAS,2026-03-11,2,1,2,2,2.0
001Vo000013QjxIIAS,2024-08-12,8,4,2,2,2.0
001Vo000013QjxIIAS,2024-11-20,8,4,2,2,2.0
001Vo000013QjxIIAS,2024-12-05,2,1,2,2,2.0
001Vo000013QjxIIAS,2025-03-24,6,3,2,2,2.0
001Vo000013QjxIIAS,2025-08-14,4,2,2,2,2.0
001Vo000013QjxIIAS,2025-12-18,2,1,2,2,2.0
001Vo000013QjxIIAS,2026-04-14,2,1,2,2,2.0
001Vo000013Qk01IAC,2024-12-20,2,1,2,2,2.0
001Vo000013Qk01IAC,2025-09-04,2,1,2,2,2.0
001Vo000013Qk01IAC,2026-02-03,2,1,2,2,2.0
001Vo000013QlE4IAK,2024-11-06,4,2,2,2,2.0
001Vo000013QlE4IAK,2025-06-09,2,1,2,2,2.0
001Vo000013QlE4IAK,2026-05-07,2,1,2,2,2.0
001Vo000013QlN9IAK,2024-06-25,4,2,2,2,2.0
001Vo000013QlN9IAK,2024-12-10,2,1,2,2,2.0
001Vo000013QlN9IAK,2025-04-16,2,1,2,2,2.0
001Vo000013QlN9IAK,2025-12-23,2,1,2,2,2.0
001Vo000013QmGCIA0,2024-04-15,2,1,2,2,2.0
001Vo000013QmGCIA0,2024-08-22,2,1,2,2,2.0
001Vo000013QmGCIA0,2025-09-03,6,3,2,2,2.0
001Vo000013QmGCIA0,2026-04-16,2,1,2,2,2.0
001Vo000013Qmb7IAC,2024-11-08,8,4,2,2,2.0
001Vo000013Qmb7IAC,2025-02-25,6,3,2,2,2.0
001Vo000013Qmb7IAC,2025-06-05,4,2,2,2,2.0
001Vo000013Qmb7IAC,2025-10-21,6,3,2,2,2.0
001Vo000013Qmb7IAC,2026-04-09,6,3,2,2,2.0
001Vo000013QmdHIAS,2024-09-03,4,2,2,2,2.0
001Vo000013QmdHIAS,2025-05-28,2,1,2,2,2.0
001Vo000013QmdHIAS,2025-08-05,2,1,2,2,2.0
001Vo000013QmdHIAS,2026-02-10,2,1,2,2,2.0
001Vo000013QmsQIAS,2024-01-25,2,1,2,2,2.0
001Vo000013QmsQIAS,2024-03-12,2,1,2,2,2.0
001Vo000013QmsQIAS,2025-07-04,4,2,2,2,2.0
001Vo000013QmsQIAS,2025-10-28,4,2,2,2,2.0
001Vo000013QmsQIAS,2026-04-28,4,2,2,2,2.0
001Vo000013QnFzIAK,2024-05-03,4,2,2,2,2.0
001Vo000013QnFzIAK,2024-10-24,4,2,2,2,2.0
001Vo000013QnFzIAK,2025-03-06,4,2,2,2,2.0
001Vo000013QnFzIAK,2025-06-02,2,1,2,2,2.0
001Vo000013QnFzIAK,2025-08-07,12,6,2,2,2.0
001Vo000013QnFzIAK,2025-08-11,2,1,2,2,2.0
001Vo000013QnFzIAK,2025-12-17,2,1,2,2,2.0
001Vo000013QnFzIAK,2026-03-02,8,4,2,2,2.0
001Vo000013QnFzIAK,2026-03-19,2,1,2,2,2.0
001Vo000013QnGZIA0,2024-04-15,2,1,2,2,2.0
001Vo000013QnGZIA0,2025-03-25,8,4,2,2,2.0
001Vo000013QnGZIA0,2025-08-26,6,3,2,2,2.0
001Vo000013QnGZIA0,2025-12-16,4,2,2,2,2.0
001Vo000013QnGZIA0,2026-04-22,10,5,2,2,2.0
001Vo000013QnGZIA0,2026-04-24,2,1,2,2,2.0
001Vo000013QnRHIA0,2023-12-19,2,1,2,2,2.0
001Vo000013QnRHIA0,2024-02-16,4,2,2,2,2.0
001Vo000013QnRHIA0,2024-11-13,6,3,2,2,2.0
001Vo000013QnRHIA0,2025-07-15,2,1,2,2,2.0
001Vo000013QnRHIA0,2026-05-07,2,1,2,2,2.0
001Vo000013QnXEIA0,2024-03-08,6,3,2,2,2.0
001Vo000013QnXEIA0,2025-05-27,4,2,2,2,2.0
001Vo000013QnXEIA0,2026-03-20,8,4,2,2,2.0
001Vo000013QnZpIAK,2024-07-17,4,2,2,2,2.0
001Vo000013QnZpIAK,2024-10-25,6,3,2,2,2.0
001Vo000013QnZpIAK,2025-04-10,2,1,2,2,2.0
001Vo000013QnZpIAK,2025-08-20,14,7,2,2,2.0
001Vo000013QnZpIAK,2025-08-29,2,1,2,2,2.0
001Vo000013QnZpIAK,2025-12-18,4,2,2,2,2.0
001Vo000013QnZpIAK,2026-04-01,6,3,2,2,2.0
001Vo000013QnZpIAK,2026-04-09,2,1,2,2,2.0
001Vo000013Qnb3IAC,2025-01-03,2,1,2,2,2.0
001Vo000013Qnb3IAC,2025-06-06,6,3,2,2,2.0
001Vo000013Qnb3IAC,2025-09-16,8,4,2,2,2.0
001Vo000013Qnb3IAC,2026-02-20,14,7,2,2,2.0
001Vo000013Qnb3IAC,2026-03-02,2,1,2,2,2.0
001Vo000013QoCvIAK,2024-08-13,10,5,2,2,2.0
001Vo000013QoCvIAK,2024-11-22,2,1,2,2,2.0
001Vo000013QoCvIAK,2025-04-09,6,3,2,2,2.0
001Vo000013QoCvIAK,2025-08-11,6,3,2,2,2.0
001Vo000013QoCvIAK,2025-12-22,2,1,2,2,2.0
001Vo000013QoCvIAK,2026-02-23,12,6,2,2,2.0
001Vo000013QoCvIAK,2026-03-04,2,1,2,2,2.0
001Vo000013QoD5IAK,2024-12-23,14,7,2,2,2.0
001Vo000013QoD5IAK,2025-01-23,2,1,2,2,2.0
001Vo000013QoD5IAK,2025-07-09,24,12,2,2,2.0
001Vo000013QoD5IAK,2025-07-21,2,1,2,2,2.0
001Vo000013QoD5IAK,2025-10-29,4,2,2,2,2.0
001Vo000013QoD5IAK,2026-03-04,14,7,2,2,2.0
001Vo000013QoD5IAK,2026-03-30,2,1,2,2,2.0
001Vo000013QoD6IAK,2023-12-14,10,5,2,2,2.0
001Vo000013QoD6IAK,2024-02-26,2,1,2,2,2.0
001Vo000013QoD6IAK,2024-06-17,6,3,2,2,2.0
001Vo000013QoD6IAK,2024-11-15,2,1,2,2,2.0
001Vo000013QoD6IAK,2025-03-10,6,3,2,2,2.0
001Vo000013QoD6IAK,2025-06-09,2,1,2,2,2.0
001Vo000013QoD6IAK,2025-09-29,4,2,2,2,2.0
001Vo000013QoD6IAK,2025-10-01,2,1,2,2,2.0
001Vo000013QoD6IAK,2026-02-26,4,2,2,2,2.0
001Vo000013QoHaIAK,2025-03-18,2,1,2,2,2.0
001Vo000013QoHaIAK,2025-07-18,10,5,2,2,2.0
001Vo000013QoHaIAK,2025-08-06,8,4,2,2,2.0
001Vo000013QoHaIAK,2025-11-17,6,3,2,2,2.0
001Vo000013QoHaIAK,2026-03-03,14,7,2,2,2.0
001Vo000013QoHaIAK,2026-03-10,2,1,2,2,2.0
001Vo000013QoHkIAK,2025-07-18,2,1,2,2,2.0
001Vo000013QoHkIAK,2025-11-04,4,2,2,2,2.0
001Vo000013QoHkIAK,2026-01-05,2,1,2,2,2.0
001Vo000013QpmhIAC,2024-06-27,2,1,2,2,2.0
001Vo000013QpmhIAC,2024-09-18,2,1,2,2,2.0
001Vo000013QpmhIAC,2025-02-27,2,1,2,2,2.0
001Vo000013QpmhIAC,2025-07-14,2,1,2,2,2.0
001Vo000013QpmhIAC,2026-03-09,4,2,2,2,2.0
001Vo000013R0GDIA0,2025-10-23,8,4,2,2,2.0
001Vo000013R0GDIA0,2025-10-27,2,1,2,2,2.0
001Vo000013R0GDIA0,2026-03-06,2,1,2,2,2.0
001Vo00001CrHkxIAF,2026-01-07,2,1,2,2,2.0
001Vo00001GbrgOIAR,2026-03-21,2,1,2,2,2.0
