oldEstId,n_distinct_estId,same_name_normalized,same_address_normalized,same_location_within_100m,time_ranges_sequential_non_overlapping,names_raw,addresses_raw
10188481,2,True,True,True,False,ANJAPPAR CHETTINAD,3090 Eglinton Ave E None M1J 2H1 ; 3090 EGLINTON AVE E None M1J 2H1
10189129,2,False,True,True,False,SUPER BAKERS ; SUPER BAKER,1122B The Queensway None M8Z 1P7 ; 1122B THE QUEENSWAY None M8Z 1P7
10191241,2,True,True,True,False,SAMOSA & SWEETS FACTORY (Retail),"1850 Albion Rd Unit-5-8 M9W 6J9 ; 1850 ALBION RD, Unit-5-8 None M9W 6J9"
10197432,2,False,True,True,False,AMEY'S ; KO FRUIT MARKET,143 Roncesvalles Ave None M6R 2L2 ; 143 RONCESVALLES AVE None M6R 2L2
10198133,2,True,True,True,False,THE WALLY TAP AND GRILL,302 O'Connor Dr None M4J 2T8 ; 302 O'CONNOR DR None M4J 2T8
10202748,2,True,True,True,False,SHAWARMA EMPIRE,1823 Lawrence Ave E None M1R 2Y3 ; 1823 LAWRENCE AVE E None M1R 2Y3
10205988,2,True,True,True,False,CANADA'S NATIONAL BALLET SCHOOL,105 Maitland St None M4Y 1E4 ; 105 MAITLAND ST None M4Y 1E4
10207773,2,True,True,True,False,SUNNY SUPERMARKET,115 Ravel Rd None M2H 1T1 ; 115 RAVEL RD None M2H 1T1
10208063,2,True,True,True,False,CABBAGE TOWN ORGANICS,499 Parliament St None M4X 1P3 ; 499 PARLIAMENT ST None M4X 1P3
10208599,2,True,True,True,False,TIM HORTONS,5470 Dundas St W None M9B 1B6 ; 5470 DUNDAS ST W None M9B 1B6
10208806,2,True,True,True,False,YORK U - ORANGE SNAIL PUB STONG COLLEGE,"4700 Keele St Rm-107 M3J 1P3 ; 4700 KEELE ST, Rm-107 None M3J 1P3"
10214206,2,True,True,True,False,PIZZA NOVA (FB 131 - 135),240 Danforth Ave None M4K 1N4 ; 240 DANFORTH AVE None M4K 1N4
10214422,2,True,True,True,False,TIM HORTONS,"4968 Yonge St Unit-5 M2N 7G9 ; 4968 YONGE ST, Unit-5 None M2N 7G9"
10214857,2,True,True,True,False,D.G.A. FILIPINO VARIETY STORE,90 Marlee Ave None M6E 3B5 ; 90 MARLEE AVE None M6E 3B5
10216936,2,True,True,True,False,SWEET BLISS,1304 Queen St E None M4L 1C4 ; 1304 QUEEN ST E None M4L 1C4
10218906,2,True,True,True,False,NO FRILLS,1150 Victoria Park Ave None M4B 2K4 ; 1150 VICTORIA PARK AVE None M4B 2K4
10222575,2,True,True,True,False,WIMPY'S DINER,590 Sheppard Ave W None M3H 2S1 ; 590 SHEPPARD AVE W None M3H 2S1
10222751,2,True,True,True,False,KING MINI MART,1232 King St W None M6K 1G4 ; 1232 KING ST W None M6K 1G4
10228520,2,True,True,True,False,MC NIES THE FISH AND CHIP PEOPLE,315 Burnhamthorpe Rd None M9B 2A2 ; 315 BURNHAMTHORPE RD None M9B 2A2
10229814,2,True,True,True,False,TIM HORTONS,"3981 Jane St Unit 18 M3N 2K1 ; 3981 JANE ST, Unit 18 None M3N 2K1"
10239689,2,True,True,True,False,ZENA'S DINER,2693 Eglinton Ave E None M1K 2S2 ; 2693 EGLINTON AVE E None M1K 2S2
10242672,2,True,True,True,False,CORA'S BREAKFAST & LUNCH,"1881 Steeles Ave W Unit-13 M3H 5Y4 ; 1881 STEELES AVE W, Unit-13 None M3H 5Y4"
10253963,2,True,True,True,False,BRIMLEY CONVENIENCE,4435 Sheppard Ave E None M1S 1V3 ; 4435 SHEPPARD AVE E None M1S 1V3
10256298,2,True,True,True,False,BULK BARN,81 Gerry Fitzgerald Dr None M3J 3N4 ; 81 GERRY FITZGERALD DR None M3J 3N4
10261684,2,True,True,True,False,CACTUS,"1911 Finch Ave W Unit-4 M3N 2V2 ; 1911 FINCH AVE W, Unit-4 None M3N 2V2"
10265737,2,True,True,True,False,SUBWAY,"5631 Steeles Ave E Unit-4 M1V 5P6 ; 5631 STEELES AVE E, Unit-4 None M1V 5P6"
10268340,2,True,True,True,False,STARBUCKS COFFEE,2451 Yonge St None M4P 2E7 ; 2451 YONGE ST None M4P 2E7
10269776,2,True,True,True,False,TIM HORTONS,4751 Leslie St None M2J 2K8 ; 4751 LESLIE ST None M2J 2K8
10270023,2,True,True,True,False,DUFFY'S  DRIVE IN,399 Dawes Rd None M4B 2E6 ; 399 DAWES RD None M4B 2E6
10279215,2,True,True,True,False,TONE TAI SUPERMARKET,"3030 Don Mills Rd E Unit-26 M2J 3C1 ; 3030 DON MILLS RD E, Unit-26 None M2J 3C1"
10280023,2,True,True,True,False,TIM HORTONS,1176 St Clair Ave W None M6E 1B4 ; 1176 ST CLAIR AVE W None M6E 1B4
10282549,2,True,True,True,False,J. J.'S DELI,"1881 Yonge St Unit-103 M4S 3C4 ; 1881 YONGE ST, Unit-103 None M4S 3C4"
10283185,2,True,True,True,False,TUMBECAFE,"1375 Danforth Rd Unit-10 M1J 1G7 ; 1375 DANFORTH RD, Unit-10 None M1J 1G7"
10297939,2,True,True,True,False,PIZZA NOVA,1928 Queen St E None M4L 1H5 ; 1928 QUEEN ST E None M4L 1H5
10301403,2,True,True,True,False,ASIAN GOURMET WOK & GRILL,"6228 Yonge St Unit-2 M2M 3X4 ; 6228 YONGE ST, Unit-2 None M2M 3X4"
10304271,2,True,True,True,False,KING'S FOOD MARKET,1236 King St W None M6K 1G4 ; 1236 KING ST W None M6K 1G4
10306013,2,True,True,True,False,PIZZA NOVA,4847 Leslie St None M2J 2K8 ; 4847 LESLIE ST None M2J 2K8
10307211,2,True,True,True,False,LUCKY WOK,728 Wilson Ave None M3K 1E2 ; 728 WILSON AVE None M3K 1E2
10310777,2,True,True,True,False,"MAPLE LEAF HOUSE, GRILL AND LOUNGE",2749 Lake Shore Blvd W None M8V 1H2 ; 2749 LAKE SHORE BLVD W None M8V 1H2
10311693,2,True,True,True,False,JIM'S NO FRILLS,1020 Islington Ave None M8Z 6A4 ; 1020 ISLINGTON AVE None M8Z 6A4
10314405,2,True,True,True,False,CANBE FOOD INC.,1760 Ellesmere Rd None M1H 2V5 ; 1760 ELLESMERE RD None M1H 2V5
10316225,2,True,True,True,False,STARBUCKS COFFEE,"638 Sheppard Ave W Unit-A M3H 2S1 ; 638 SHEPPARD AVE W, Unit-A None M3H 2S1"
10322079,2,True,True,True,False,TIM HORTONS,"1801 Eglinton Ave W Unit-100 M6E 2H8 ; 1801 EGLINTON AVE W, Unit-100 None M6E 2H8"
10322381,2,True,True,True,False,PIZZERIA LIBRETTO,221 Ossington Ave None M6J 2Z8 ; 221 OSSINGTON AVE None M6J 2Z8
10325036,2,True,True,True,False,PETITE THUET,1162 Yonge St None M4W 2L9 ; 1162 YONGE ST None M4W 2L9
10326205,2,True,True,True,False,GHAROA RESTAURANT,2994A Danforth Ave None M4C 1M7 ; 2994A DANFORTH AVE None M4C 1M7
10328143,2,True,False,True,False,MARTINGROVE FISH & CHIPS,5 Lavington Dr 5 M9R 2H1 ; 5 LAVINGTON DR None M9R 2H1
10329938,2,True,True,True,False,METRO,3142 Yonge St None M4N 2K6 ; 3142 YONGE ST None M4N 2K6
10330614,2,True,True,True,False,HAPPY DAY'S RESTAURANT & BAR,1802 Danforth Ave None M4C 1H8 ; 1802 DANFORTH AVE None M4C 1H8
10332179,2,True,True,True,False,PHO HUONG TRANG,3370 Keele St None M3J 1L5 ; 3370 KEELE ST None M3J 1L5
10349866,2,True,True,True,False,YUMMY LUNCH CAFE,185 Bridgeland Ave None M6A 1Y7 ; 185 BRIDGELAND AVE None M6A 1Y7
10350692,2,True,True,True,False,THE CHEF UPSTAIRS,516 Mount Pleasant Rd None M4S 2M2 ; 516 MOUNT PLEASANT RD None M4S 2M2
10351712,2,True,True,True,False,VIENNA MEATS AND DELICATESSEN,1050 Birchmount Rd None M1K 1S4 ; 1050 BIRCHMOUNT RD None M1K 1S4
10351903,2,True,True,True,False,KFC/TACO BELL,6364 Yonge St None M2M 3W2 ; 6364 YONGE ST None M2M 3W2
10352007,2,True,True,True,False,CAKE HOUSE BAKERY,1969 Finch Ave W None M3N 2V3 ; 1969 FINCH AVE W None M3N 2V3
10355345,2,True,True,True,False,CHINA COTTAGE,"5985 Steeles Ave E Unit-2-3 M1V 5P6 ; 5985 STEELES AVE E, Unit-2-3 None M1V 5P6"
10357813,2,True,True,True,False,NICK'S NO FRILLS,3850 Sheppard Ave E None M1T 3L4 ; 3850 SHEPPARD AVE E None M1T 3L4
10358804,2,True,True,True,False,PIZZA HUT,4936 Yonge St None M2N 6S3 ; 4936 YONGE ST None M2N 6S3
10360384,2,True,True,True,False,IKEA,1475 The Queensway None M8Z 1T3 ; 1475 THE QUEENSWAY None M8Z 1T3
10362576,2,True,True,True,False,KFC,"1 Eglinton Sq Unit-151 M1L 2K1 ; 1 EGLINTON SQ, Unit-151 None M1L 2K1"
10364753,2,True,True,True,False,KOTHUR INDIAN CUISINE,649 Yonge St None M4Y 1Z9 ; 649 YONGE ST None M4Y 1Z9
10369058,2,True,True,True,False,MILLENIUM BAKE HOUSE,"501 Passmore Ave Unit-21 M1V 5G4 ; 501 PASSMORE AVE, Unit-21 None M1V 5G4"
10369735,2,True,True,True,False,CANADIAN TIRE GAS +,1015 Sheppard Ave E None M2K 1C2 ; 1015 SHEPPARD AVE E None M2K 1C2
10370592,2,True,True,True,False,BEAST,96 Tecumseth St None M6J 2H1 ; 96 TECUMSETH ST None M6J 2H1
10373783,2,True,True,True,False,HONEY B HIVES,2816 Markham Rd None M1X 1E6 ; 2816 MARKHAM RD None M1X 1E6
10374744,2,True,True,True,False,HAIDA SANDWICH,"15 Northtown Way Unit-21 M2N 7A2 ; 15 NORTHTOWN WAY, Unit-21 None M2N 7A2"
10374748,2,True,True,True,False,Z. TECA GOURMET BURRITOS,"4700 Keele St Unit-4 M3J 1P3 ; 4700 KEELE ST, Unit-4 None M3J 1P3"
10378727,2,True,True,True,False,FINCH ALNESS VARIETY,1052 Finch Ave W None M3J 2E2 ; 1052 FINCH AVE W None M3J 2E2
10379160,2,True,True,True,False,9 STAR FOODS,1771 Albion Rd None M9W 5S7 ; 1771 ALBION RD None M9W 5S7
10379376,2,True,True,True,False,ROWE FARMS,2230 Bloor St W None M6S 1N6 ; 2230 BLOOR ST W None M6S 1N6
10380081,2,True,True,True,False,OLA RESTAURANT & CATERING SERVICES,1552 Jane St None M9N 2R5 ; 1552 JANE ST None M9N 2R5
10382808,2,True,True,True,False,ESSO,1195 Danforth Ave None M4J 1M7 ; 1195 DANFORTH AVE None M4J 1M7
10384417,2,True,True,True,False,FOOD BASICS #631,853 Jane St None M6N 4C4 ; 853 JANE ST None M6N 4C4
10385409,2,True,True,True,False,THE ROYAL CHINESE RESTAURANT,3587 Sheppard Ave E None M1T 3K8 ; 3587 SHEPPARD AVE E None M1T 3K8
10386659,2,True,True,True,False,PLANK ROAD MARKET,1716 Danforth Ave None M4C 1H8 ; 1716 DANFORTH AVE None M4C 1H8
10386776,2,False,True,True,False,INCHEON HOUSE KOREAN & JAPANESE RESTAURANT ; IN CHEON HOUSE KOREAN & JAPANESE RESTAURANT,9 Glen Watford Dr None M1S 2B7 ; 9 GLEN WATFORD DR None M1S 2B7
10388615,2,True,True,True,False,SHELL,909 Wilson Ave None M3K 1E6 ; 909 WILSON AVE None M3K 1E6
10388999,2,True,True,True,False,THE ABBOTT,99 Spencer Ave None M6K 2J7 ; 99 SPENCER AVE None M6K 2J7
10389310,2,True,True,True,False,DOMINO'S PIZZA,1200 Weston Rd None M6M 4P4 ; 1200 WESTON RD None M6M 4P4
10389350,2,True,True,True,False,O'SOLE MIO RESTAURANT & BAR,437 Rogers Rd None M6M 1A4 ; 437 ROGERS RD None M6M 1A4
10394199,2,True,True,True,False,POPEYES LOUISIANA KITCHEN,3070 Don Mills Rd E None M2J 3C1 ; 3070 DON MILLS RD E None M2J 3C1
10396573,2,True,True,True,False,BOLET'S BURRITO,134 Lower Sherbourne St None M5A 4J4 ; 134 LOWER SHERBOURNE ST None M5A 4J4
10396748,2,True,True,True,False,MONARCH TAVERN,12 Clinton St None M6J 2N8 ; 12 CLINTON ST None M6J 2N8
10398144,2,True,True,True,False,TIANJIN DUMPLING RESTAURANT,4192 Sheppard Ave E None M1S 1T3 ; 4192 SHEPPARD AVE E None M1S 1T3
10398520,2,True,True,True,False,LICKADEE SPLIT ICE CREAM SHOPPE,980 Coxwell Ave None M4C 3G5 ; 980 COXWELL AVE None M4C 3G5
10400114,2,False,True,True,False,HARVEY'S RESTAURANT #2206 ; HARVEY'S/SWISS CHALET,1791 Avenue Rd None M5M 3Z3 ; 1791 AVENUE RD None M5M 3Z3
10402943,2,True,True,True,False,IYAPPA SWEETS & SNACKS,2721 Markham Rd None M1X 1L5 ; 2721 MARKHAM RD None M1X 1L5
10403292,2,True,True,True,False,ICE 'N CAKE,1090 Don Mills Rd None M3C 3R6 ; 1090 DON MILLS RD None M3C 3R6
10404439,2,True,True,True,False,YORK U - TIM HORTONS WILLIAM SMALL CENTRE,4700 Keele St None M3J 1P3 ; 4700 KEELE ST None M3J 1P3
10406893,2,True,True,True,False,MVR CASH AND CARRY,3655 Weston Rd None M9L 1V8 ; 3655 WESTON RD None M9L 1V8
10411778,2,True,True,True,False,PIZZA PIZZA,471 Yonge St None M4Y 1X4 ; 471 YONGE ST None M4Y 1X4
10413899,2,True,True,True,False,KEVINS BAKERY,743 Garyray Dr None M9L 1R2 ; 743 GARYRAY DR None M9L 1R2
10420422,2,True,True,True,False,ROSS CONVENIENCE & GROCERS,3932 Keele St None M3J 1N8 ; 3932 KEELE ST None M3J 1N8
10421811,2,True,True,True,False,STOP N GO TROPICAL GRILL,1668 Weston Rd None M9N 1V4 ; 1668 WESTON RD None M9N 1V4
10422127,2,False,True,True,False,CREAM & SUGAR STOP AND GO ; CREAM AND SUGAR STOP & GO,5 Fairview Mall Dr None M2J 2Z1 ; 5 FAIRVIEW MALL DR None M2J 2Z1
10423232,2,True,True,True,False,BALA SUPERMARKET,1474 Queen St W None M6K 1M4 ; 1474 QUEEN ST W None M6K 1M4
10423377,2,True,True,True,False,PATISSERIE 27,401 Jane St None M6S 3Z6 ; 401 JANE ST None M6S 3Z6
10425649,2,True,False,True,False,OM INDIAN FOOD CENTRE,"3300 Mcnicoll Ave #REF! M1V 5J6 ; 3300 MCNICOLL AVE, - B6 None M1V 5J6"
10429215,2,True,True,True,False,TIM HORTONS,4200 Sheppard Ave E None M1S 1T3 ; 4200 SHEPPARD AVE E None M1S 1T3
10430127,2,True,True,True,False,T-BUDS,3343 Yonge St None M4N 2M6 ; 3343 YONGE ST None M4N 2M6
10431163,2,True,True,True,False,New Northern Dumplings,"633 Silver Star Blvd Unit-120 M1V 5N1 ; 633 SILVER STAR BLVD, Unit-120 None M1V 5N1"
10433552,2,True,True,True,False,THAI EXPRESS,2 Bloor St E None M4W 1A8 ; 2 BLOOR ST E None M4W 1A8
10433831,2,True,True,True,False,LARA'S RESTAURANT,"155 Consumers Rd Unit-106 M2J 0A3 ; 155 CONSUMERS RD, Unit-106 None M2J 0A3"
10435706,2,True,True,True,False,KOREAN CANADIAN CULTURE CENTRE KITCHEN,1133 Leslie St None M3C 2J6 ; 1133 LESLIE ST None M3C 2J6
10439791,2,True,True,True,False,CAFFE DEMETRE,400 Danforth Ave None M4K 1P3 ; 400 DANFORTH AVE None M4K 1P3
10440869,2,True,True,True,False,DOMINO'S PIZZA,820 Sheppard Ave W None M3H 2T1 ; 820 SHEPPARD AVE W None M3H 2T1
10448295,2,True,True,True,False,THE ISLANDS CARIBBEAN RESTAURANT,4700 Keele St None M3J 1P3 ; 4700 KEELE ST None M3J 1P3
10449414,2,True,True,True,False,METRO,600 Sheppard Ave W None M3H 2S1 ; 600 SHEPPARD AVE W None M3H 2S1
10449620,2,True,True,True,False,BAR HOP,391 King St W None M5V 1K1 ; 391 KING ST W None M5V 1K1
10449670,2,True,True,True,False,FIVE GUYS BURGERS & FRIES,329 Yonge St None M5B 1R7 ; 329 YONGE ST None M5B 1R7
10451188,2,True,True,True,False,SAN LORENZO CHURCH,2981 Dufferin St None M6B 3T4 ; 2981 DUFFERIN ST None M6B 3T4
10453640,2,True,True,True,False,SIMONE MARIE BELGIAN CHOCOLATE,"4242 Dundas St W Unit-10 M8X 1Y6 ; 4242 DUNDAS ST W, Unit-10 None M8X 1Y6"
10454400,2,True,True,True,False,GERHARD'S CAFE,"1085 Bellamy Rd N 1 M1H 3C7 ; 1085 BELLAMY RD N, Unit-1 None M1H 3C7"
10454481,2,True,True,True,False,CIRCLE K,4751 Leslie St None M2J 2K8 ; 4751 LESLIE ST None M2J 2K8
10454914,2,False,True,True,False,HOLY KIMCHI ; SAKURA - YORK LANES,"4700 Keele St Unit-12-13 M3J 1P3 ; 4700 KEELE ST, Unit-12-13 None M3J 1P3"
10459168,2,True,True,True,False,AARUSHA CAKE HOUSE,"5215 Finch Ave E Unit-228 M1S 0C2 ; 5215 FINCH AVE E, Unit-228 None M1S 0C2"
10460141,2,True,True,True,False,Raani Fast Food,"3600 Ellesmere Rd Unit-10 M1C 4Y8 ; 3600 ELLESMERE RD, Unit-10 None M1C 4Y8"
10461434,2,True,True,True,False,Royal Paan,2654 Islington Ave None M9V 2X5 ; 2654 ISLINGTON AVE None M9V 2X5
10464629,2,True,True,True,False,BALZAC'S COFFEE,789 Yonge St None M4W 2G8 ; 789 YONGE ST None M4W 2G8
10466133,2,True,True,True,False,KING GEORGE'S ARM,2501 Victoria Park Ave None M1T 1A1 ; 2501 VICTORIA PARK AVE None M1T 1A1
10466215,2,True,True,True,False,QI NATURAL FOOD,1001 Eglinton Ave W None M6C 2C7 ; 1001 EGLINTON AVE W None M6C 2C7
10468100,2,True,True,True,False,Smash Pit,"52 Carrier Dr Unit-1 M9W 5S5 ; 52 CARRIER DR, Unit-1 None M9W 5S5"
10469125,2,True,True,True,False,C4 Centre,"2644 Eglinton Ave E Unit-A M1K 2S3 ; 2644 EGLINTON AVE E, Unit-A None M1K 2S3"
10470129,2,False,True,True,False,SAIGON EXPRESS PHO ; SAIGON EXPRESS,"3070 Don Mills Rd E Unit-12A M2J 3C1 ; 3070 DON MILLS RD E, Unit-12A None M2J 3C1"
10472165,2,True,True,True,False,Petro Canada,1493 Finch Ave W None M3J 2G7 ; 1493 FINCH AVE W None M3J 2G7
10474730,2,True,True,True,False,XOLA,2222A Queen St E None M4E 1E9 ; 2222A QUEEN ST E None M4E 1E9
10475419,2,True,True,True,False,PHIPPS DESSERTS,1875 Leslie St None M3B 2M5 ; 1875 LESLIE ST None M3B 2M5
10475992,2,True,True,True,False,QOOLA FROZEN YOGURT BAR,4700 Keele St None M3J 1P3 ; 4700 KEELE ST None M3J 1P3
10476403,2,True,True,True,False,Pizza Depot,"2060 Ellesmere Rd Unit-8 M1H 2V6 ; 2060 ELLESMERE RD, Unit-8 None M1H 2V6"
10476446,2,True,True,True,False,St. Clair Variety,1713 St Clair Ave W None M6N 1J2 ; 1713 ST CLAIR AVE W None M6N 1J2
10476953,2,True,True,True,False,Etob Restaurant,379 Albion Rd None M9W 3P4 ; 379 ALBION RD None M9W 3P4
10478846,2,True,True,True,False,SIMONE'S CARIBBEAN REST.,596 Danforth Ave None M4K 1R1 ; 596 DANFORTH AVE None M4K 1R1
10480007,2,True,True,True,False,ALMARWA SUNRISE MEATS - FRESHCO,2650 Lawrence Ave E None M1P 2S1 ; 2650 LAWRENCE AVE E None M1P 2S1
10480182,2,True,True,True,False,PITA LITE,4910 Yonge St None M2N 5N5 ; 4910 YONGE ST None M2N 5N5
10480241,2,True,True,True,False,TIM HORTONS (Inside Mall),6464 Yonge St None M2M 3X4 ; 6464 YONGE ST None M2M 3X4
10480372,2,True,True,True,False,PUKKA,778 St Clair Ave W None M6C 1B6 ; 778 ST CLAIR AVE W None M6C 1B6
10480490,2,True,True,True,False,AXESS GIFT & CONVENIECE,2727 Jane St None M3L 1S3 ; 2727 JANE ST None M3L 1S3
10481889,2,True,True,True,False,THE BEECH TREE PUB,924 Kingston Rd None M4E 1S5 ; 924 KINGSTON RD None M4E 1S5
10482232,2,True,True,True,False,PANAGO PIZZA,188 Eglinton Ave E None M4P 2X7 ; 188 EGLINTON AVE E None M4P 2X7
10483082,2,True,True,True,False,SUBWAY,2555 St Clair Ave W None M6N 4Z5 ; 2555 ST CLAIR AVE W None M6N 4Z5
10484297,2,True,True,True,False,Chris Jerk Caribbean Bistro,"2570 Birchmount Rd Unit-11 M1T 2M5 ; 2570 BIRCHMOUNT RD, Unit-11 None M1T 2M5"
10486033,2,True,True,True,False,MISSION WORKS,1346 Queen St E None M4L 1C5 ; 1346 QUEEN ST E None M4L 1C5
10488755,2,True,True,True,False,Don Mills Cafe,"1440 Don Mills Rd Flr-2nd M3B 3P9 ; 1440 DON MILLS RD, Flr-2nd None M3B 3P9"
10490048,2,True,True,True,False,FRIEDMAN'S FRESH FISH,3025 Bathurst St None M6B 3B5 ; 3025 BATHURST ST None M6B 3B5
10490404,2,True,True,True,False,PEANUT PLAZA PASTRY SHOP,3064 Don Mills Rd E None None ; 3064 DON MILLS RD E None None
10492419,2,True,True,True,False,OS Amigos Restaurant & Cafe,335 Silverthorn Ave None M6N 3K5 ; 335 SILVERTHORN AVE None M6N 3K5
10494437,2,True,True,True,False,NORTH OF BROOKLYN PIZZERIA,469 Church St None M4Y 2C5 ; 469 CHURCH ST None M4Y 2C5
10495664,2,True,True,True,False,De Soto Eatery,1079 St Clair Ave W None M6E 1A6 ; 1079 ST CLAIR AVE W None M6E 1A6
10495992,2,True,True,True,False,JUICE HEADZ,1380 Don Mills Rd None M3B 2X2 ; 1380 DON MILLS RD None M3B 2X2
10496324,2,True,True,True,False,ELTE CAFE,80 Ronald Ave None M6E 5A2 ; 80 RONALD AVE None M6E 5A2
10497842,2,True,True,True,False,PAPE MARKET FOODLAND,623 Danforth Ave None M4K 1R2 ; 623 DANFORTH AVE None M4K 1R2
10498056,2,True,True,True,False,SPEEDWAY PUMP (HASTY MARKET),5455 Steeles Ave W None M9L 1S7 ; 5455 STEELES AVE W None M9L 1S7
10498189,2,True,True,True,False,Altawakkul Halal Foods,2820 Markham Rd None M1X 1E6 ; 2820 MARKHAM RD None M1X 1E6
10499947,2,True,True,True,False,BAKER AND SCONE,693 St Clair Ave W None M6C 1B2 ; 693 ST CLAIR AVE W None M6C 1B2
10501260,2,True,True,True,False,SHELL,3070 Dufferin St None M6A 2S6 ; 3070 DUFFERIN ST None M6A 2S6
10507288,2,False,True,True,False,SAN FRANCESCO ITALIAN SANDWICHES - FB 707 / 708 / 709 - CNE 2026 ; SAN FRANCESCO ITALIAN SANDWICHES - FB 707 - CNE 2025,2 Strachan Ave None M6K 3C3 ; 2 STRACHAN AVE None M6K 3C3
10507451,2,True,True,True,False,PROPELLER COFFEE CO.,50 Wade Ave None M6H 2Z3 ; 50 WADE AVE None M6H 2Z3
10507763,2,True,True,True,False,ST. TIMOTHY YMCA,25 Rochelle Cres None M2J 1Y3 ; 25 ROCHELLE CRES None M2J 1Y3
10509150,2,True,True,True,False,Deer Garden Signatures,633 Silver Star Blvd None M1V 5N1 ; 633 SILVER STAR BLVD None M1V 5N1
10509273,2,True,True,True,False,NANALYN JERK,564 Wilson Heights Blvd None M3H 2V8 ; 564 WILSON HEIGHTS BLVD None M3H 2V8
10509710,2,True,True,True,False,JANE VARIETY & GIFTS,2721 Jane St None M3L 1S3 ; 2721 JANE ST None M3L 1S3
10511631,2,True,True,True,False,FOREST MANOR YMCA - BEFORE AND AFTER SCHOOL PROGRAM,25 Forest Manor Rd None M2J 1M4 ; 25 FOREST MANOR RD None M2J 1M4
10512464,2,True,True,True,False,7-Eleven,1169 St Clair Ave W None M6E 1B2 ; 1169 ST CLAIR AVE W None M6E 1B2
10512731,2,True,True,True,False,Istanbul Café & Espresso Bar Corp,174 Eglinton Ave E None M4P 1A6 ; 174 EGLINTON AVE E None M4P 1A6
10513494,2,True,True,True,False,SUBWAY,1856 Avenue Rd None M5M 3Z5 ; 1856 AVENUE RD None M5M 3Z5
10514516,2,True,True,True,False,KEBAB 49,5308 Dundas St W None M9B 1B3 ; 5308 DUNDAS ST W None M9B 1B3
10515445,2,True,True,True,False,PARKDALE BREAKFAST BAR & GRILL,1449 Queen St W None M6R 1A1 ; 1449 QUEEN ST W None M6R 1A1
10518192,2,True,True,True,False,IL PONTE,"625 Queen St E Unit-107 M4M 1G7 ; 625 QUEEN ST E, Unit-107 None M4M 1G7"
10518830,2,True,True,True,False,XELUA VIETNAMESE CUISINE,157 Ravel Rd None M2H 1T1 ; 157 RAVEL RD None M2H 1T1
10519116,2,True,True,True,False,SALAD DAYS,2 Bloor St E None M4W 1A8 ; 2 BLOOR ST E None M4W 1A8
10519211,2,True,True,True,False,FRESH FRUIT MARKET,699 College St None M6G 1B9 ; 699 COLLEGE ST None M6G 1B9
10520311,2,True,True,True,False,COCO FRESH TEA AND JUICE,17B Finch Ave W None M2N 7K4 ; 17B FINCH AVE W None M2N 7K4
10521279,2,True,True,True,False,CHINA GOURMET,235 Carlton St None M5A 2L2 ; 235 CARLTON ST None M5A 2L2
10522280,2,True,True,True,False,TIM HORTONS,2480 Gerrard St E None M1N 4C3 ; 2480 GERRARD ST E None M1N 4C3
10524383,2,True,True,True,False,SUBWAY,268 Dupont St None M5R 1V7 ; 268 DUPONT ST None M5R 1V7
10525017,2,True,True,True,False,Subhan Pizza & Chicken,2970 Danforth Ave None M4C 1M6 ; 2970 DANFORTH AVE None M4C 1M6
10526844,2,True,True,True,False,GERRY'S FAST FOOD,724 St Clair Ave W None M6C 1B3 ; 724 ST CLAIR AVE W None M6C 1B3
10527011,2,True,True,True,False,V'S CARIBBEAN RESTAURANT,1221 Weston Rd None M6M 4P7 ; 1221 WESTON RD None M6M 4P7
10527108,2,True,True,True,False,YUMMY CHICKEN & BURGER,385 Driftwood Ave None M3N 2P6 ; 385 DRIFTWOOD AVE None M3N 2P6
10527171,2,True,True,True,False,CAFFE E LATTE,912 Wilson Ave None M3K 1E7 ; 912 WILSON AVE None M3K 1E7
10527902,2,True,True,True,False,THE ENTERTAINMENT KITCHEN,1559 Eglinton Ave W None M6E 2G9 ; 1559 EGLINTON AVE W None M6E 2G9
10530733,2,True,True,True,False,GERHARD'S WHOLESALE,"1085 Bellamy Rd N 16 M1H 3C7 ; 1085 BELLAMY RD N, Unit-16 None M1H 3C7"
10531562,2,True,True,True,False,TIM HORTONS,555 Yonge St None M4Y 3A6 ; 555 YONGE ST None M4Y 3A6
10532393,2,True,True,True,False,"GIFT SHOP, CAFE & SNACK SHACK",1000 Murray Ross Pkwy None M3J 2P3 ; 1000 MURRAY ROSS PKWY None M3J 2P3
10535075,2,True,True,True,False,Gordon Ridge Catering Committee,20 Gordonridge Pl None M1K 4H5 ; 20 GORDONRIDGE PL None M1K 4H5
10535178,2,True,True,True,False,Yummy Cantonese Restaurant,4400 Sheppard Ave E None M1S 5J5 ; 4400 SHEPPARD AVE E None M1S 5J5
10535867,2,True,True,True,False,MY LITTLE BUTCHER SHOP,1948 Eglinton Ave W None M6E 2J8 ; 1948 EGLINTON AVE W None M6E 2J8
10535963,2,True,True,True,False,ROSE'S CHESTER LTD,23 Howard St None M4X 1J6 ; 23 HOWARD ST None M4X 1J6
10536929,2,True,True,True,False,KIVA'S BAGEL BAKERY & RESTAURANT,1027 Steeles Ave W None M2R 2S9 ; 1027 STEELES AVE W None M2R 2S9
10543431,2,True,True,True,False,Heritage Child Care & Early Learning Milliken Site,130 Port Royal Trl None M1V 2T4 ; 130 PORT ROYAL TRL None M1V 2T4
10544242,2,True,True,True,False,Scarborough Pizza & Kabob,2157 Lawrence Ave E None M1P 2P5 ; 2157 LAWRENCE AVE E None M1P 2P5
10545056,2,True,True,True,False,SHOUSHIN,3328 Yonge St None M4N 2M4 ; 3328 YONGE ST None M4N 2M4
10547592,2,True,True,True,False,SUBWAY,1763 Eglinton Ave W None M6E 2H7 ; 1763 EGLINTON AVE W None M6E 2H7
10548607,2,True,True,True,False,THE KEG STEAKHOUSE & BAR,25 The West Mall None M9C 1B8 ; 25 THE WEST MALL None M9C 1B8
10549974,2,True,True,True,False,MCDONALD'S,344 Bathurst St None M5T 2S3 ; 344 BATHURST ST None M5T 2S3
10552839,2,True,True,True,False,STARBUCKS,6355 Yonge St None M2M 3X8 ; 6355 YONGE ST None M2M 3X8
10554609,2,True,True,True,False,Simit The Big Bagel,"1085 Bellamy Rd N 22 M1H 3C7 ; 1085 BELLAMY RD N, Unit-22 None M1H 3C7"
10555554,2,True,True,True,False,SHELL,8301 Sheppard Ave E None M1B 5P7 ; 8301 SHEPPARD AVE E None M1B 5P7
10556201,2,True,True,True,False,Delicious Paradise Kitchen,633 Silver Star Blvd None M1V 5N1 ; 633 SILVER STAR BLVD None M1V 5N1
10557492,2,True,True,True,False,RANCHO RELAXO,1635 Dupont St None M6P 3S9 ; 1635 DUPONT ST None M6P 3S9
10558273,2,True,True,True,False,DOMINO'S PIZZA,"10 Mallard Rd Unit-52 M3B 0A7 ; 10 MALLARD RD, Unit-52 None M3B 0A7"
10560333,2,True,True,True,False,DIEFENBAKER ELEMENTARY SCHOOL,175 Plains Rd None M4J 2R2 ; 175 PLAINS RD None M4J 2R2
10562216,2,True,True,True,False,MINISTRY OF TRANSPORT Cafeteria,145 Sir William Hearst Ave None M3M 0B6 ; 145 SIR WILLIAM HEARST AVE None M3M 0B6
10562861,2,True,True,True,False,Caribbean Coast Restaurant & Lounge,2570 Eglinton Ave E None M1K 2R5 ; 2570 EGLINTON AVE E None M1K 2R5
10563025,2,True,True,True,False,BAKE CODE,4910 Yonge St None M2N 5N5 ; 4910 YONGE ST None M2N 5N5
10564468,2,True,True,True,False,BROTHERS PIZZA,976A Pape Ave None M4K 3V7 ; 976A PAPE AVE None M4K 3V7
10564648,2,True,True,True,False,SIMI AFRICAN FOODS,50 Eddystone Ave None M3N 1H4 ; 50 EDDYSTONE AVE None M3N 1H4
10565868,2,True,True,True,False,DOWNSVIEW MARKET & CONVENIENCE,1381 Wilson Ave None M3M 1H7 ; 1381 WILSON AVE None M3M 1H7
10567056,2,True,True,True,False,SAVOURS FRESH MARKET,3011 Bathurst St None M6B 3B5 ; 3011 BATHURST ST None M6B 3B5
10567730,2,True,True,True,False,LAVELLE,621 King St W None M5V 1M5 ; 621 KING ST W None M5V 1M5
10568458,2,True,True,True,False,BANH MI BOYS,2365 Yonge St None M4P 2C8 ; 2365 YONGE ST None M4P 2C8
10568571,2,True,True,True,False,CHERRY STREET BAR-B-QUE,275 Cherry St None M5A 3L3 ; 275 CHERRY ST None M5A 3L3
10569411,2,True,True,True,False,ASTRO VARIETY & GIFTS,2894 Dufferin St None M6B 3S6 ; 2894 DUFFERIN ST None M6B 3S6
10572609,2,True,True,True,False,EDIBLE ARRANGEMENT,3200 Dufferin St None M6A 3B2 ; 3200 DUFFERIN ST None M6A 3B2
10573779,2,True,True,True,False,WENDY'S,4700 Keele St None M3J 1P3 ; 4700 KEELE ST None M3J 1P3
10574478,2,True,True,True,False,LA DIPERIE,372 Danforth Ave None M4K 1N8 ; 372 DANFORTH AVE None M4K 1N8
10577100,2,True,True,True,False,BASKIN ROBBINS ICE CREAM,"1448 Lawrence Ave E Unit-6B M4A 2V6 ; 1448 LAWRENCE AVE E, Unit-6B None M4A 2V6"
10577500,2,True,True,True,False,Al-Nour Halal Meat and Grocery,"5650 Sheppard Ave E Unit-1 M1B 5P6 ; 5650 SHEPPARD AVE E, Unit-1 None M1B 5P6"
10577931,2,True,True,True,False,Our Lady of Fatima YMCA,3176 St Clair Ave E None M1L 1V6 ; 3176 ST CLAIR AVE E None M1L 1V6
10578491,2,True,True,True,False,RENE GORDON SCHOOL AGE (YMCA),20 Karen Rd None M3A 3L6 ; 20 KAREN RD None M3A 3L6
10580902,2,True,True,True,False,THE FRIENDLY BUTCHER-GOOD'N READY,224 Vaughan Rd None M6C 2M6 ; 224 VAUGHAN RD None M6C 2M6
10581603,2,True,True,True,False,DAWES CAFE,466 Dawes Rd None M4B 2E9 ; 466 DAWES RD None M4B 2E9
10583194,2,True,True,True,False,AROMA ESPRESSO BAR,8 Park Home Ave None None ; 8 PARK HOME AVE None None
10583948,2,True,True,True,False,STARBUCKS,2 St Clair Ave E None M4T 2T5 ; 2 ST CLAIR AVE E None M4T 2T5
10584270,2,True,True,True,False,Pine House Cafe,"5651 Steeles Ave E Unit-21 M1V 5P6 ; 5651 STEELES AVE E, Unit-21 None M1V 5P6"
10584445,2,True,True,True,False,DALDONGNAE,6034 Yonge St None M2M 3W5 ; 6034 YONGE ST None M2M 3W5
10585299,2,True,True,True,False,ALLWYN'S,"4750 Yonge St Unit-135 M2N 5M6 ; 4750 YONGE ST, Unit-135 None M2N 5M6"
10587146,2,True,True,True,False,WESTON BBQ RESTAURANT,1872 Weston Rd None M9N 1W1 ; 1872 WESTON RD None M9N 1W1
10587239,2,True,True,True,False,The Scott Mission Food Bank - 1550 O'Connor Dr,1550 O'Connor Dr None M4B 2V3 ; 1550 O'CONNOR DR None M4B 2V3
10587496,2,False,True,True,False,MIMI'S CONVENIENCE ; MIMI' CONVENIENCE,1686 Danforth Ave None M4C 1H8 ; 1686 DANFORTH AVE None M4C 1H8
10587510,2,True,True,True,False,ROLLTATION,2291 Yonge St None M4P 2C6 ; 2291 YONGE ST None M4P 2C6
10587651,2,True,True,True,False,241 PIZZA,1349 St Clair Ave W None M6E 1C5 ; 1349 ST CLAIR AVE W None M6E 1C5
10590073,2,True,True,True,False,THE POP STAND,1686 Danforth Ave None M4C 1H8 ; 1686 DANFORTH AVE None M4C 1H8
10590079,2,True,True,True,False,Domino's Pizza,"5005 Steeles Ave E Unit-109 M1V 5K1 ; 5005 STEELES AVE E, Unit-109 None M1V 5K1"
10590289,2,True,True,True,False,SUBWAY,1008 Eglinton Ave W None M6C 2C5 ; 1008 EGLINTON AVE W None M6C 2C5
10593662,2,True,True,True,False,THE GELATO SHOP,75 Yorkville Ave None M5R 1B8 ; 75 YORKVILLE AVE None M5R 1B8
10594913,2,True,True,True,False,SUSHI ZUKI,2030 Eglinton Ave W None M6E 2K3 ; 2030 EGLINTON AVE W None M6E 2K3
10594923,2,True,True,True,False,ESTO ES COLOMBIA RESTAURANT,2848 Dufferin St None M6B 3S3 ; 2848 DUFFERIN ST None M6B 3S3
10595395,2,True,True,True,False,CANO RESTAURANT,"1108 St Clair Ave W FLOOR-1 M6E 1A7 ; 1108 ST CLAIR AVE W, FLOOR-1 None M6E 1A7"
10597616,2,True,True,True,False,SI LOM THAI BISTRO,534 Church St None M4Y 2E1 ; 534 CHURCH ST None M4Y 2E1
10597686,2,True,True,True,False,THE ENTERTAINMENT KITCHEN,1561 Eglinton Ave W None M6E 2G9 ; 1561 EGLINTON AVE W None M6E 2G9
10597918,2,True,True,True,False,KINTON RAMEN,90 Eglinton Ave E None M4P 2Y3 ; 90 EGLINTON AVE E None M4P 2Y3
10601748,2,True,True,True,False,WHAT A BAGEL,4884 Dufferin St None M3H 5S8 ; 4884 DUFFERIN ST None M3H 5S8
10603092,2,True,True,True,False,ANTICA FOOD MART,"360 Hullmar Dr Unit-1 M3N 2X7 ; 360 HULLMAR DR, Unit-1 None M3N 2X7"
10605487,2,True,True,True,False,Rob's Good Food,813 O'Connor Dr None M4B 2S7 ; 813 O'CONNOR DR None M4B 2S7
10605775,2,True,True,True,False,HOKI POKE,563 Yonge St None M4Y 1Z2 ; 563 YONGE ST None M4Y 1Z2
10606006,2,True,True,True,False,Gong Cha,"60 Town Centre Crt Unit-CU4 M1P 0B1 ; 60 TOWN CENTRE CRT, Unit-CU4 None M1P 0B1"
10607419,2,False,True,True,False,HARISON'S ICE CREAM - QE 07 - CNE 2026 ; HARISON'S ICE CREAM - QE 143 - CNE 2024,"180 Princes Blvd 143 CNE 2023 M6K 3C3 ; 180 PRINCES BLVD, 143 CNE 2023 None M6K 3C3"
10607705,2,False,True,True,False,CARMICHAEL SMOKED MEATS - QE 216 - CNE 2026 ; CARMICHAEL SMOKED MEATS - QE 216 - CNE 2024,"180 Princes Blvd 709 CNE 2023 M6K 3C3 ; 180 PRINCES BLVD, 709 CNE 2023 None M6K 3C3"
10607716,2,False,True,True,False,BRITISH BAKED GOOD - QE 314 - CNE 2026 ; BRITISH BAKED GOOD - QE 314 - CNE 2024,"180 Princes Blvd 719 CNE 2023 M6K 3C3 ; 180 PRINCES BLVD, 719 CNE 2023 None M6K 3C3"
10607723,2,False,True,True,False,OH! FUDGE FANATICS - QE 438 - CNE 2026 ; OH! FUDGE FANATICS - QE 438 - CNE 2024,"180 Princes Blvd 438 CNE 2023 M6K 3C3 ; 180 PRINCES BLVD, 438 CNE 2023 None M6K 3C3"
10612234,2,True,True,True,False,WILD WING,"1571 Sandhurst Crcl Unit-106 C M1V 1V2 ; 1571 SANDHURST CRCL, Unit-106 C None M1V 1V2"
10613107,2,True,True,True,False,TURTLE JACKS,925 Dixon Rd None M9W 1J8 ; 925 DIXON RD None M9W 1J8
10613232,2,True,True,True,False,WING MACHINE,"2739 Eglinton Ave E Unit-3 M1K 2S2 ; 2739 EGLINTON AVE E, Unit-3 None M1K 2S2"
10614503,2,True,True,True,False,ROYAL CANADIAN LEGION BR 643 FLIGHT LIEUTENANT DAVID HORNELL VC,110 Jutland Rd None M8Z 2H1 ; 110 JUTLAND RD None M8Z 2H1
10615055,2,True,True,True,False,FLEUR DU JOUR,603 St Clair Ave W None M6C 1A3 ; 603 ST CLAIR AVE W None M6C 1A3
10615246,2,True,True,True,False,STARBUCKS COFFEE CO (East Side),3401 Dufferin St None M6A 2T9 ; 3401 DUFFERIN ST None M6A 2T9
10616516,2,True,True,True,False,PANAGO,44 Gerrard St W None M5G 2K2 ; 44 GERRARD ST W None M5G 2K2
10616976,2,True,True,True,False,Ginger and Onion Cuisine,"240 Alton Towers Crcl Unit-A7 M1V 4P2 ; 240 ALTON TOWERS CRCL, Unit-A7 None M1V 4P2"
10617678,2,False,True,True,False,Tuxedo Mart ; DAISY MART,42 Tuxedo Crt None M1G 3S3 ; 42 TUXEDO CRT None M1G 3S3
10618804,2,True,True,True,False,KFC,1364 Queen St E None M4L 1C8 ; 1364 QUEEN ST E None M4L 1C8
10618856,2,True,True,True,False,POPEYE'S LOUISIANA KITCHEN,"3790 Bathurst St Bldg-A M3H 3M9 ; 3790 BATHURST ST, Bldg-A None M3H 3M9"
10620166,2,True,True,True,False,BUD'S COFFEE,1966 Queen St E None M4L 1H8 ; 1966 QUEEN ST E None M4L 1H8
10621196,2,True,True,True,False,FEARLESS MEAT,884 Kingston Rd None M4E 1S3 ; 884 KINGSTON RD None M4E 1S3
10622770,2,True,True,True,False,NOON MOMENT,1993 Finch Ave W None M3N 2V3 ; 1993 FINCH AVE W None M3N 2V3
10623835,2,True,True,True,False,WHITE GOLD FOOD,310 Eddystone Ave None None ; 310 EDDYSTONE AVE None None
10624211,2,True,True,True,False,PIZZA NOVA,"526 Church St Bldg-0 M4Y 2E1 ; 526 CHURCH ST, Bldg-0 None M4Y 2E1"
10624606,2,True,True,True,False,GARLEEK KITCHEN,1500 Queen St W None M6R 1A4 ; 1500 QUEEN ST W None M6R 1A4
10624737,2,True,True,True,False,JUNCTION CRAFT BREWING,150 Symes Rd None M6N 3T1 ; 150 SYMES RD None M6N 3T1
10626289,2,True,True,True,False,LITTLE CAESARS,2432 Eglinton Ave E None M1K 2P8 ; 2432 EGLINTON AVE E None M1K 2P8
10626632,2,True,True,True,False,Popeyes Louisiana Kitchen,1780 Markham Rd None M1B 2W2 ; 1780 MARKHAM RD None M1B 2W2
10626750,2,True,True,True,False,HAILED COFFEE,44 Gerrard St W None M5G 2K2 ; 44 GERRARD ST W None M5G 2K2
10626887,2,True,True,True,False,FRUIT OF THE LAND,2901 Bayview Ave None M2K 1E6 ; 2901 BAYVIEW AVE None M2K 1E6
10626969,2,True,True,True,False,UMAMI POKE,1246 Yonge St None M4T 1W5 ; 1246 YONGE ST None M4T 1W5
10627096,2,True,True,True,False,DELYSEES,20 Logan Ave None M4M 2M8 ; 20 LOGAN AVE None M4M 2M8
10627798,2,True,True,True,False,GRILL GATE,832 Sheppard Ave W None M3H 2T1 ; 832 SHEPPARD AVE W None M3H 2T1
10628450,2,True,True,True,False,FRUITFUL MARKET,321 Carlaw Ave None M4M 2S1 ; 321 CARLAW AVE None M4M 2S1
10628778,2,True,True,True,False,MOSAIC MEATS,62 Eddystone Ave None M3N 1H4 ; 62 EDDYSTONE AVE None M3N 1H4
10628958,2,True,True,True,False,RAHIM BAKERY,565 Markham Rd None M1H 2A3 ; 565 MARKHAM RD None M1H 2A3
10631057,2,True,True,True,False,CRESTVIEW SCHOOL AGE PROGRAM YMCA ; CRESTVIEW SCHOOL AGE PROGRAM - YMCA,101 Seneca Hill Dr None M2J 2W3 ; 101 SENECA HILL DR None M2J 2W3
10631078,2,True,True,True,False,ZAMANI MEATS,6120 Yonge St None M2M 3W7 ; 6120 YONGE ST None M2M 3W7
10632065,2,True,True,True,False,UNCLE TETSU,"39 Orfus Rd Unit-C M6A 1L7 ; 39 ORFUS RD, Unit-C None M6A 1L7"
10634484,2,True,True,True,False,SUBWAY SANDWICHES AND SALADS,15A Finch Ave W None M2N 7K4 ; 15A FINCH AVE W None M2N 7K4
10637047,2,True,True,True,False,JANCHENKOS BAKERY,2394 Bloor St W None M6S 1P5 ; 2394 BLOOR ST W None M6S 1P5
10638722,2,True,True,True,False,THE TWILIGHT CAFE,"3300 Midland Ave Unit-35 M1V 4A1 ; 3300 MIDLAND AVE, Unit-35 None M1V 4A1"
10639980,2,True,True,True,False,VILLAGE JUICERY,"3401 Dufferin St Unit-603 M6A 2T9 ; 3401 DUFFERIN ST, Unit-603 None M6A 2T9"
10640132,2,True,True,True,False,Halibut House Fish & Chips,4410 Kingston Rd None M1E 2N5 ; 4410 KINGSTON RD None M1E 2N5
10640296,2,True,True,True,False,NORTH OF BROOKLYN PIZZERIA,"511 Rogers Rd Bldg-1 M6M 1B4 ; 511 ROGERS RD, Bldg-1 None M6M 1B4"
10640301,2,True,True,True,False,LEE CHEN ASIAN BISTRO,813 Yonge St None M4W 2G9 ; 813 YONGE ST None M4W 2G9
10641242,2,True,True,True,False,TACO  BELL,"4804 Yonge St Bldg-101 M2N 5M9 ; 4804 YONGE ST, Bldg-101 None M2N 5M9"
10641497,2,True,True,True,False,Starbucks Coffee,"300 Borough Dr Unit-207 M1P 4P5 ; 300 BOROUGH DR, Unit-207 None M1P 4P5"
10641518,2,True,True,True,False,CANARY MARKET,440 Front St E None M5A 0J6 ; 440 FRONT ST E None M5A 0J6
10641600,2,True,True,True,False,NOONAN'S,141 Danforth Ave None M4K 1N2 ; 141 DANFORTH AVE None M4K 1N2
10641990,2,True,True,True,False,STARBUCKS,"1800 Sheppard Ave E Unit-1033 M2J 5A7 ; 1800 SHEPPARD AVE E, Unit-1033 None M2J 5A7"
10642447,2,True,True,True,False,COCOON COFFEE,"855 Wilson Ave Unit-O M3K 1E6 ; 855 WILSON AVE, Unit-O None M3K 1E6"
10643975,2,False,True,True,False,ICE CREAM WAFFLES-HPSC 06-CNE 2026 ; ICE CREAM WAFFLES-HPSC 06-CNE 2025,"100 Princes Blvd Unit-CNE 2022 M6K 3C3 ; 100 PRINCES BLVD, Unit-CNE 2022 None M6K 3C3"
10644144,2,False,True,True,False,PULL'D - FB 813/814 - CNE 2026 ; PULL'D - FB 813 - CNE 2025,"2 Strachan Ave FB 813 CNE 2024 M6K 3C3 ; 2 STRACHAN AVE, FB 813 CNE 2024 None M6K 3C3"
10644443,2,False,True,True,False,ALBION HILLS FARM - QE 623 - CNE 2026 ; ALBION HILLS FARM - QE 623 - CNE 2024,"180 Princes Blvd 623 CNE 2023 M6K 3C3 ; 180 PRINCES BLVD, 623 CNE 2023 None M6K 3C3"
10644444,2,False,True,True,False,LITTLE SHOP OF LOBSTERS - QE 705 - CNE 2026 ; LITTLE SHOP OF LOBSTERS - QE 705 - CNE 2024,"180 Princes Blvd 705 CNE 2023 M6K 3C3 ; 180 PRINCES BLVD, 705 CNE 2023 None M6K 3C3"
10645467,2,True,True,True,False,BASKIN ROBBINS,"536 Church St Bldg-1 M4Y 2E1 ; 536 CHURCH ST, Bldg-1 None M4Y 2E1"
10646205,2,True,True,True,False,COMAL Y CANELA,"1692 Jane St Unit-B M9N 2S4 ; 1692 JANE ST, Unit-B None M9N 2S4"
10646488,2,False,True,True,False,OLDE TYME KETTLE KITCHEN - QE 130 - CNE 2026 ; OLDE TYME KETTLE KITCHEN - QE 130 - CNE 2024,"180 Princes Blvd 130 CNE 2023 M6K 3C3 ; 180 PRINCES BLVD, 130 CNE 2023 None M6K 3C3"
10647954,2,True,True,True,False,SLATE RESTAURANT,2237 Queen St E None M4E 1G1 ; 2237 QUEEN ST E None M4E 1G1
10649900,2,True,True,True,False,PEARL SUSHI JAPANESE RESTAURANT,"2391 Lake Shore Blvd W Bldg-B M8V 1B7 ; 2391 LAKE SHORE BLVD W, Bldg-B None M8V 1B7"
10650318,2,True,True,True,False,HARBOUR FISH AND CHIPS,"3034 Don Mills Rd Unit-1B M2J 3C1 ; 3034 DON MILLS RD, Unit-1B None M2J 3C1"
10651474,2,True,True,True,False,LOBLAWS,12 St Clair Ave E None M4T 1L7 ; 12 ST CLAIR AVE E None M4T 1L7
10651987,2,True,True,True,False,STORM CROW MANOR,580 Church St None M4Y 2E5 ; 580 CHURCH ST None M4Y 2E5
10652031,2,True,True,True,False,Ye Skewers Hot Pot,"3260 Midland Ave Unit-F112 M1V 0C5 ; 3260 MIDLAND AVE, Unit-F112 None M1V 0C5"
10652292,2,True,True,True,False,HI NA,769 The Queensway None M8Z 1N1 ; 769 THE QUEENSWAY None M8Z 1N1
10653398,2,True,True,True,False,THE BURGER'S PRIEST,"3280 Dufferin St Unit-0 M6A 2T5 ; 3280 DUFFERIN ST, Unit-0 None M6A 2T5"
10655377,2,True,True,True,False,BON APPETITE SERVICE MANAGEMENT INC,2 Norelco Dr None M9L 2X6 ; 2 NORELCO DR None M9L 2X6
10657638,2,True,True,True,False,RAJ MAHAL INDIAN CUISINE,"1881 Steeles Ave W Unit-14 M3H 5Y4 ; 1881 STEELES AVE W, Unit-14 None M3H 5Y4"
10657815,2,True,True,True,False,THE HEALING SOURCE PHARMACY,2209 Bloor St W None M6S 1N5 ; 2209 BLOOR ST W None M6S 1N5
10658402,2,True,True,True,False,THE GREEN ISLE,3608 Victoria Park Ave None M2H 3B2 ; 3608 VICTORIA PARK AVE None M2H 3B2
10659844,2,True,True,True,False,SECOND CUP,544 Church St None M4Y 2E1 ; 544 CHURCH ST None M4Y 2E1
10659973,2,True,True,True,False,CINNAHOLIC,319 Danforth Ave None M4K 1N7 ; 319 DANFORTH AVE None M4K 1N7
10660075,2,True,True,True,False,LIMON LOUNGE,"1089 St Clair Ave W Bldg-MAIN FLOOR M6E 1A8 ; 1089 ST CLAIR AVE W, Bldg-MAIN FLOOR None M6E 1A8"
10661131,2,True,True,True,False,NEW BAITUL MUQADDAS HALAL PIZZA,2584 Danforth Ave None M4C 1L3 ; 2584 DANFORTH AVE None M4C 1L3
10662552,2,True,True,True,False,PANN TEA,"5651 Steeles Ave E Unit-26 M1V 5P6 ; 5651 STEELES AVE E, Unit-26 None M1V 5P6"
10663719,2,True,True,True,False,MAPO GAMJATANG,"4916 Yonge St Bldg-0 M2N 5N5 ; 4916 YONGE ST, Bldg-0 None M2N 5N5"
10664752,2,True,True,True,False,KA SPACE,1183 Queen St E None M4M 1L6 ; 1183 QUEEN ST E None M4M 1L6
10667996,2,True,True,True,False,MA STARBANK,1736 Eglinton Ave W None M6E 2H6 ; 1736 EGLINTON AVE W None M6E 2H6
10668803,2,True,True,True,False,PARADISE SHAWARMA,4352 Kingston Rd None M1E 2M8 ; 4352 KINGSTON RD None M1E 2M8
10669908,2,True,True,True,False,MAISON SELBY,592 Sherbourne St None M4X 1L4 ; 592 SHERBOURNE ST None M4X 1L4
10671191,2,True,True,True,False,DAL DONG NAE,5211 Yonge St None M2N 5P7 ; 5211 YONGE ST None M2N 5P7
10671493,2,True,True,True,False,RABBA FINE FOODS,9 Isabella St None M4Y 1M7 ; 9 ISABELLA ST None M4Y 1M7
10673219,2,True,True,True,False,REVITASIZE,2631 Yonge St None M4P 2J6 ; 2631 YONGE ST None M4P 2J6
10673290,2,True,True,True,False,STARBUCKS,"2575 St Clair Ave W Bldg-1 M6N 4Z5 ; 2575 ST CLAIR AVE W, Bldg-1 None M6N 4Z5"
10674932,2,True,True,True,False,SUSHI-YA JAPAN,621 Dixon Rd None M9W 1H7 ; 621 DIXON RD None M9W 1H7
10674949,2,True,True,True,False,GRANITE CLUB- HALL OF FAME,"2350 Bayview Ave Flr-1 M2L 1E4 ; 2350 BAYVIEW AVE, Flr-1 None M2L 1E4"
10675645,2,True,True,True,False,BLOOD BROTHERS BREWING,"165 Geary Ave Unit-WEST M6H 2B8 ; 165 GEARY AVE, Unit-WEST None M6H 2B8"
10677650,2,False,True,True,False,Spirit Bar ; JIM BEAM STILLHOUSE,909 Lake Shore Blvd W None M6K 3L3 ; 909 LAKE SHORE BLVD W None M6K 3L3
10678228,2,True,True,True,False,ROSA'S PASTA EXPRESS,271 Old Kingston Rd None M1C 1B4 ; 271 OLD KINGSTON RD None M1C 1B4
10679938,2,True,True,True,False,DON CHON,834 The Queensway None M8Z 1N5 ; 834 THE QUEENSWAY None M8Z 1N5
10681139,2,True,True,True,False,241 PIZZA,"235 Dixon Rd Unit-8 M9P 2M5 ; 235 DIXON RD, Unit-8 None M9P 2M5"
10681234,2,True,True,True,False,SECOND CUP COFFEE CO.,289 King St W None M5V 1J5 ; 289 KING ST W None M5V 1J5
10682035,2,True,True,True,False,HEY JUICE,"375 Bamburgh Crcl C105 M1W 3Y1 ; 375 BAMBURGH CRCL, Unit-C105 None M1W 3Y1"
10684432,2,False,True,True,False,SAIGON PAI STARS ; SAIGON PAI,446 Parliament St None M5A 3A2 ; 446 PARLIAMENT ST None M5A 3A2
10684883,2,True,True,True,False,SALT & TOBACCO,521 Parliament St None M4X 1P3 ; 521 PARLIAMENT ST None M4X 1P3
10685247,2,False,True,True,False,YE OLDE FUDGE POT - QE 503 - CNE 2026 ; YE OLDE FUDGE POT - QE 503 - CNE 2024,"180 Princes Blvd Unit-CNE 2023 M6K 3C3 ; 180 PRINCES BLVD, Unit-CNE 2023 None M6K 3C3"
10685513,2,True,True,True,False,PIZZA HUT,2575 St Clair Ave W None M6N 4Z5 ; 2575 ST CLAIR AVE W None M6N 4Z5
10685722,2,True,True,True,False,KERNELS,"1800 Sheppard Ave E Unit-2015 M2J 5A7 ; 1800 SHEPPARD AVE E, Unit-2015 None M2J 5A7"
10686980,2,True,True,True,False,FRESHII,1853 Avenue Rd None M5M 3Z4 ; 1853 AVENUE RD None M5M 3Z4
10687212,2,True,True,True,False,OSMOW'S,2583 St Clair Ave W None M6N 4Z5 ; 2583 ST CLAIR AVE W None M6N 4Z5
10688210,2,True,True,True,False,THE CHERIE BISTRO,"538 Church St Bldg-1 M4Y 2E1 ; 538 CHURCH ST, Bldg-1 None M4Y 2E1"
10688779,2,True,True,True,False,TUTTO PRONTO,1551 Bayview Ave None M4G 3B5 ; 1551 BAYVIEW AVE None M4G 3B5
10689529,2,True,True,True,False,FRESHLY SQUEEZED /PRESOTEA,"25 The West Mall Unit-1380B M9C 1B8 ; 25 THE WEST MALL, Unit-1380B None M9C 1B8"
10689743,2,True,True,True,False,FACE TO FACE GAMES TORONTO,1398 Danforth Ave None M4J 1M9 ; 1398 DANFORTH AVE None M4J 1M9
10690178,2,True,True,True,False,SUBWAY,936 Dixon Rd None M9W 1J9 ; 936 DIXON RD None M9W 1J9
10691532,2,True,True,True,False,VIVA SHAWARMA,3030 Don Mills Rd E None M2J 3C1 ; 3030 DON MILLS RD E None M2J 3C1
10691751,2,True,True,True,False,TOKYO SUSHI,751 The Queensway None M8Z 1M8 ; 751 THE QUEENSWAY None M8Z 1M8
10694005,2,True,True,True,False,TAV'S,589 College St None M6G 1B2 ; 589 COLLEGE ST None M6G 1B2
10694939,2,True,True,True,False,MUHAMMAD HALAL MEAT AND SUPERMARKET,"4352 Kingston Rd Unit-3-4 M1E 2M8 ; 4352 KINGSTON RD, Unit-3-4 None M1E 2M8"
10695215,2,False,True,True,False,YETI PUFFS  - ECC 03 (4312) - CNE 2026 ; YETI PUFF NITRO SNACKS - ECC 4312 - CNE 2025,"100 Princes Blvd 4312 CNE 2023 M6K 3C3 ; 100 PRINCES BLVD, 4312 CNE 2023 None M6K 3C3"
10695599,2,True,True,True,False,Tim Hortons,240 Alton Towers Crcl None M1V 4P2 ; 240 ALTON TOWERS CRCL None M1V 4P2
10696923,2,True,True,True,False,ABURI HANA,102 Yorkville Ave None M5R 1B9 ; 102 YORKVILLE AVE None M5R 1B9
10697261,2,True,True,True,False,NUTBAR,"899 Queen St E Unit-3 M4M 1J4 ; 899 QUEEN ST E, Unit-3 None M4M 1J4"
10699249,2,True,True,True,False,CAFE LANDWER,1912 Avenue Rd None M5M 4A1 ; 1912 AVENUE RD None M5M 4A1
10699509,2,True,True,True,False,BLACK DOG CAFE,878 Kingston Rd None M4E 1S3 ; 878 KINGSTON RD None M4E 1S3
10699547,2,True,True,True,False,HAIRY TARANTULA,3456 Yonge St None M4N 2N4 ; 3456 YONGE ST None M4N 2N4
10700054,2,True,True,True,False,LIGHTHOUSE  971,971 Kingston Rd None M4E 1S8 ; 971 KINGSTON RD None M4E 1S8
10700139,2,True,True,True,False,CARMELITAS RESTAURANT,2982 Dundas St W None M6P 1Z3 ; 2982 DUNDAS ST W None M6P 1Z3
10700574,2,True,True,True,False,CHESTER'S CHICKEN/ YOUNG'S FOOD MART,"4190 Kingston Rd Unit-4 M1E 4W1 ; 4190 KINGSTON RD, Unit-4 None M1E 4W1"
10702353,2,True,True,True,False,BOMOU,1636 Bayview Ave None M4G 3B7 ; 1636 BAYVIEW AVE None M4G 3B7
10706707,2,True,True,True,False,ABA'S BAGEL COMPANY,"884 Eglinton Ave W Unit-A M6C 2B6 ; 884 EGLINTON AVE W, Unit-A None M6C 2B6"
10708131,2,True,True,True,False,SMOKE 'N' ROTI,3320 Keele St None M3M 2H7 ; 3320 KEELE ST None M3M 2H7
10709276,2,True,True,True,False,STARBUCKS COFFEE,"3300 Dufferin St Unit-D M6A 2T5 ; 3300 DUFFERIN ST, Unit-D None M6A 2T5"
10712809,2,True,True,True,False,ONE RESTAURANT,"4750 Yonge St Unit-141 M2N 5M6 ; 4750 YONGE ST, Unit-141 None M2N 5M6"
10712816,2,True,True,True,False,DALDONGNAE KOREAN BBQ,4771 Steeles Ave E None M1V 4S5 ; 4771 STEELES AVE E None M1V 4S5
10714005,2,True,True,True,False,BILL-MAUR COFFEE SHOP,165 The Queensway None M8Y 1H8 ; 165 THE QUEENSWAY None M8Y 1H8
10715258,2,True,True,True,False,GRENADA ROSE,"2721 Jane St 12 M3L 1S3 ; 2721 JANE ST, 12 None M3L 1S3"
10715467,2,True,True,True,False,TIM HORTONS,"1280 Finch Ave W Unit-108 M3J 3K6 ; 1280 FINCH AVE W, Unit-108 None M3J 3K6"
10715499,2,True,True,True,False,WESTERN KITCHEN,290 The West Mall None M9C 1C6 ; 290 THE WEST MALL None M9C 1C6
10715514,2,True,True,True,False,CIRCLE K,5470 Dundas St W None M9B 1B6 ; 5470 DUNDAS ST W None M9B 1B6
10717708,2,True,True,True,False,WESTON STATION,1935 Weston Rd None M9N 1W7 ; 1935 WESTON RD None M9N 1W7
10718311,2,True,True,True,False,MAISON T,1071 Shaw St None M6G 3N4 ; 1071 SHAW ST None M6G 3N4
10718863,2,True,True,True,False,PIZZAIOLO,770 Bay St None M5G 1N6 ; 770 BAY ST None M5G 1N6
10719332,2,True,True,True,False,BUDAPEST RESTAURANT ; BUDA-PEST RESTAURANT,2183 Danforth Ave None M4C 1K4 ; 2183 DANFORTH AVE None M4C 1K4
10722030,2,True,True,True,False,YONGE BURGER,6178 Yonge St None M2M 3X1 ; 6178 YONGE ST None M2M 3X1
10722689,2,True,True,True,False,MOFER COFFEE  INC,1577 Danforth Ave None M4C 1H7 ; 1577 DANFORTH AVE None M4C 1H7
10722868,2,True,True,True,False,TAGPUAN,"1150 Morningside Ave Unit-113 M1B 3A4 ; 1150 MORNINGSIDE AVE, Unit-113 None M1B 3A4"
10723919,2,True,True,True,False,BAR BURRITO,"3300 Dufferin St Bldg-C M6A 2T5 ; 3300 DUFFERIN ST, Bldg-C None M6A 2T5"
10724165,2,True,True,True,False,DIRTY FOOD EATERY,3070 Dundas St W None M6P 1Z7 ; 3070 DUNDAS ST W None M6P 1Z7
10724169,2,True,True,True,False,KOSHER GOURMET,2999 Bathurst St None M6B 3B3 ; 2999 BATHURST ST None M6B 3B3
10725817,2,True,True,True,False,EASY SEAFOOD,"360 Mclevin Ave Dept-INTERIOR M1B 0C2 ; 360 MCLEVIN AVE, Dept-INTERIOR None M1B 0C2"
10725819,2,True,True,True,False,WIN WIN FRESH MEAT,"360 Mclevin Ave Dept-INTERIOR M1B 0C2 ; 360 MCLEVIN AVE, Dept-INTERIOR None M1B 0C2"
10726523,2,True,True,True,False,ST. LOUIS BAR AND GRILL,"55 Town Centre Crt UNIT-101 M1P 4X4 ; 55 TOWN CENTRE CRT, UNIT-101 None M1P 4X4"
10726906,2,True,True,True,False,OWL OF MINERVA MEAT SHOP,5334 Yonge St None M2N 5P9 ; 5334 YONGE ST None M2N 5P9
10728139,2,True,True,True,False,FAIR CATCH FISHMONGERS,3303 Yonge St None M4N 2L8 ; 3303 YONGE ST None M4N 2L8
10729966,2,True,True,True,False,GIN ZA SUSHI,"605 Rogers Rd Bldg-A2 M6M 1B9 ; 605 ROGERS RD, Bldg-A2 None M6M 1B9"
10731223,2,True,True,True,False,EGG CLUB,"531 Yonge St Unit-A M4Y 1Y5 ; 531 YONGE ST, Unit-A None M4Y 1Y5"
10733097,2,True,True,True,False,BARBURRITO MEXICAN GRILL,"6015 Steeles Ave E Unit-104 None ; 6015 STEELES AVE E, Unit-104 None None"
10733102,2,True,True,True,False,INNER CIRCLE CARIBBEAN CUISINE,"707 Kennedy Rd Unit-101 M1K 2C1 ; 707 KENNEDY RD, Unit-101 None M1K 2C1"
10733373,2,True,True,True,False,BURGER KING,438 Nugget Ave None M1S 4A4 ; 438 NUGGET AVE None M1S 4A4
10735422,2,True,True,True,False,EXPRESS MUNCHIES,31 Tapscott Rd None M1B 4Y7 ; 31 TAPSCOTT RD None M1B 4Y7
10738053,2,True,True,True,False,KIKKA SUSHI,"87 Avenue Rd Dept-SUSHI M5R 3R5 ; 87 AVENUE RD, Dept-SUSHI None M5R 3R5"
10738522,2,True,True,True,False,MAGIC NOODLES,"1571 Sandhurst Crcl Bldg-504 M1V 1V2 ; 1571 SANDHURST CRCL, Bldg-504 None M1V 1V2"
10738742,2,True,True,True,False,PI CO.,432 Church St None M5B 2A4 ; 432 CHURCH ST None M5B 2A4
10742077,2,True,True,True,False,LOS GYROS,816 Sheppard Ave W None M3H 2T1 ; 816 SHEPPARD AVE W None M3H 2T1
10742244,2,True,True,True,False,DRUPATI'S ROTI AND DOUBLES,2866 Ellesmere Rd None M1E 4B8 ; 2866 ELLESMERE RD None M1E 4B8
10742402,2,True,True,True,False,TRACK & FIELD,582 College St None M6G 1B3 ; 582 COLLEGE ST None M6G 1B3
10742695,2,True,True,True,False,XING FU TANG FAIRVIEW,"1800 Sheppard Ave E Unit-1098 M2J 5A7 ; 1800 SHEPPARD AVE E, Unit-1098 None M2J 5A7"
10742869,2,True,True,True,False,SHIRINI SARA PASTRY HOUSE,"1881 Leslie St Unit-1 M3B 2M3 ; 1881 LESLIE ST, Unit-1 None M3B 2M3"
10743502,2,True,True,True,False,SHI MIAODAO YUNNAN RICE NOODLE,109A Ravel Rd None M2H 1T1 ; 109A RAVEL RD None M2H 1T1
10744004,2,True,True,True,False,JINZHOU NORTHERN BARBECUE,"633 Silver Star Blvd Unit-122 M1V 5N1 ; 633 SILVER STAR BLVD, Unit-122 None M1V 5N1"
10744154,2,True,True,True,False,PIZZA PIZZA,4844 Yonge St None M2N 5N2 ; 4844 YONGE ST None M2N 5N2
10744403,2,True,True,True,False,PAPARIKOO,1176 The Queensway None M8Z 1R5 ; 1176 THE QUEENSWAY None M8Z 1R5
10744428,2,True,True,True,False,RADICAL ROAD BREWING,1177 Queen St E None M4M 1L5 ; 1177 QUEEN ST E None M4M 1L5
10744429,2,True,True,True,False,SILVER FOUNTAIN FAST FOOD,"8 Glen Watford Dr Unit-F10-11 M1S 2C1 ; 8 GLEN WATFORD DR, Unit-F10-11 None M1S 2C1"
10744476,2,True,True,True,False,SOUVLAKI EMPORIUM,1545 Dupont St None M6P 3S5 ; 1545 DUPONT ST None M6P 3S5
10745081,2,True,True,True,False,L' AVENUE,1850 Avenue Rd None M5M 3Z5 ; 1850 AVENUE RD None M5M 3Z5
10745371,2,True,True,True,False,CANADA PASTA FOOD PRODUCTION,"63 Silver Star Blvd Unit-C16 M1V 5E5 ; 63 SILVER STAR BLVD, Unit-C16 None M1V 5E5"
10746590,2,True,True,True,False,VILLAGE JUICERY,406 Spadina Rd None M5P 2W2 ; 406 SPADINA RD None M5P 2W2
10746613,2,True,True,True,False,CAFFE CINQUECENTO,901 Lawrence Ave W None M6A 1C3 ; 901 LAWRENCE AVE W None M6A 1C3
10747078,2,True,True,True,False,UNHOLY DONUTS,95 Maitland St None M4Y 1E3 ; 95 MAITLAND ST None M4Y 1E3
10747133,2,True,True,True,False,GURUME SUSHI,"45 Carlton St Unit-5 M5B 2H9 ; 45 CARLTON ST, Unit-5 None M5B 2H9"
10748912,2,True,True,True,False,TUXEDO COURT FOOD BANK,50 Tuxedo Crt None M1G 3S8 ; 50 TUXEDO CRT None M1G 3S8
10748948,2,True,True,True,False,90 MORNELLE COURT FOOD PANTRY,90 Mornelle Crt None M1E 4P9 ; 90 MORNELLE CRT None M1E 4P9
10749828,2,True,True,True,False,CAFE LANDWER,33 Bloor St E None M4W 3H1 ; 33 BLOOR ST E None M4W 3H1
10749835,2,True,True,True,False,J.J FRIED CHICKEN,2539 Eglinton Ave W None M6M 1T2 ; 2539 EGLINTON AVE W None M6M 1T2
10750051,2,True,True,True,False,PAI,1121 Castlefield Ave None M6B 1E8 ; 1121 CASTLEFIELD AVE None M6B 1E8
10751177,2,True,True,True,False,"MAC ""N"" WINGS","448 Kennedy Rd Unit-000 M1K 2A8 ; 448 KENNEDY RD, Unit-000 None M1K 2A8"
10751342,2,True,True,True,False,JOY FOODS EAT & SWEET,"666 Burnhamthorpe Rd Unit-6 M9C 2Z4 ; 666 BURNHAMTHORPE RD, Unit-6 None M9C 2Z4"
10751343,2,True,True,True,False,NANI'S GELATO,6 Charles St E None M4Y 1T2 ; 6 CHARLES ST E None M4Y 1T2
10751420,2,True,True,True,False,PIZZA NOVA,3280 Dufferin St None M6A 2T5 ; 3280 DUFFERIN ST None M6A 2T5
10752757,2,True,True,True,False,ABBEY MEAT MARKET,28 Eddystone Ave None M3N 1H4 ; 28 EDDYSTONE AVE None M3N 1H4
10752806,2,True,True,True,False,OLD NASSAU RESTAURANT,2047 Weston Rd None M9N 1X7 ; 2047 WESTON RD None M9N 1X7
10752942,2,True,True,True,False,GOLDEN BAR CHINESE RESTAURANT,2629 Eglinton Ave E None M1K 2S2 ; 2629 EGLINTON AVE E None M1K 2S2
10753184,2,True,True,True,False,THE HIDEOUT ON THE BEACH,2282 Queen St E None M4E 1G6 ; 2282 QUEEN ST E None M4E 1G6
10753407,2,True,True,True,False,NOSTALGIA TASTE OF GOA,"773 Warden Ave Unit-1A M1L 4C2 ; 773 WARDEN AVE, Unit-1A None M1L 4C2"
10753438,2,True,True,True,False,FANCY FRANKS,"1507 Avenue Rd Unit-A M5M 3X3 ; 1507 AVENUE RD, Unit-A None M5M 3X3"
10753795,2,True,True,True,False,WOOJOO BUNSIK,6026 Yonge St None M2M 3W5 ; 6026 YONGE ST None M2M 3W5
10754300,2,True,True,True,False,TOBIKO SUSHI,67 Roncesvalles Ave None M6R 2K6 ; 67 RONCESVALLES AVE None M6R 2K6
10754351,2,True,True,True,False,PHO DUONG,854 Sheppard Ave W None M3H 2T5 ; 854 SHEPPARD AVE W None M3H 2T5
10754721,2,True,True,True,False,SHENG KEE FOOD CO.,"328 Passmore Ave Unit-56 M1V 5J5 ; 328 PASSMORE AVE, Unit-56 None M1V 5J5"
10754847,2,True,True,True,False,NUTMEGSPICED,"646 Oakwood Ave Unit-3 M6E 2Y2 ; 646 OAKWOOD AVE, Unit-3 None M6E 2Y2"
10755569,2,True,True,True,False,PIZZERIA LIBRETTO YONGE,5000 Yonge St None M2N 7E9 ; 5000 YONGE ST None M2N 7E9
10755619,2,True,True,True,False,PETRO CANADA,8 South Kingsway None M6S 3S9 ; 8 SOUTH KINGSWAY None M6S 3S9
10756033,2,True,True,True,False,HENRY'S RESTAURANT & WINE BAR,922 Queen St W None M6J 1G6 ; 922 QUEEN ST W None M6J 1G6
10756059,2,True,True,True,False,CIRDLE K,"144 Dundas St W Bldg-1 M5G 1C3 ; 144 DUNDAS ST W, Bldg-1 None M5G 1C3"
10757811,2,True,True,True,False,THE FRY,"3561 Sheppard Ave E Unit-1 M1T 3K8 ; 3561 SHEPPARD AVE E, Unit-1 None M1T 3K8"
10757939,2,True,True,True,False,QOO SUSHI,"900 Progress Ave 2 M1H 2Z9 ; 900 PROGRESS AVE, Unit-2 None M1H 2Z9"
10758640,2,True,True,True,False,NUGGET HALAL PIZZA AND WINGS,"4820 Sheppard Ave E Unit-10 M1S 5M8 ; 4820 SHEPPARD AVE E, Unit-10 None M1S 5M8"
10758750,2,True,True,True,False,SCOTTYBONS CARIBBEAN GRILL,1162 The Queensway None M8Z 1R5 ; 1162 THE QUEENSWAY None M8Z 1R5
10759871,2,True,True,True,False,RAAHI MODERN INDIAN KITCHEN & BAR,543 St Clair Ave W None M6C 1A3 ; 543 ST CLAIR AVE W None M6C 1A3
10760044,2,True,True,True,False,IDA MILK AND VARIETY,2988 Dufferin St None M6B 3T3 ; 2988 DUFFERIN ST None M6B 3T3
10761204,2,True,True,True,False,ROOSTER COFFEE,568 Jarvis St None M4Y 2H9 ; 568 JARVIS ST None M4Y 2H9
10761330,2,True,True,True,False,ADRIANA'S KITCHEN,950 Lawrence Ave W None M6A 1C4 ; 950 LAWRENCE AVE W None M6A 1C4
10761382,2,True,True,True,False,REFRESHMENT VEHICLE 452,1 Harbour Sq None M5J 1A6 ; 1 HARBOUR SQ None M5J 1A6
10761644,2,False,True,True,False,PHILTHY PHILLYS - PN 02- CNE 2026 ; PHILTHY PHILLYS - PRINCES NORTH - CNE 2025,100 Princes Blvd None M6K 3C3 ; 100 PRINCES BLVD None M6K 3C3
10761794,2,False,True,True,False,BUBBLE TEA - FB 116 - CNE 2026 ; BUBBLE TEA - FB 116 - CNE 2025,"2 Strachan Ave Bldg-116 M6K 3C3 ; 2 STRACHAN AVE, Bldg-116 None M6K 3C3"
10761798,2,False,True,True,False,THE DAILY DUMPLING WONTON CO. - FB 425 /426/ 4276 - CNE 2026 ; THE DAILY DUMPLING WONTON CO. - FB 425 - CNE 2025,"2 Strachan Ave Bldg-425 M6K 3C3 ; 2 STRACHAN AVE, Bldg-425 None M6K 3C3"
10761799,2,False,True,True,False,MACHETTE/ GUS TACO - FB 421 / 422/ 423 - CNE 2026 ; MACHETTE/ TA-CHINGON FRENCH TACO - FB 421 - CNE 2025,2 Strachan Ave None M6K 3C3 ; 2 STRACHAN AVE None M6K 3C3
10762404,2,True,True,True,False,BOLE MARKET,703 Lawrence Ave W None M6A 1B4 ; 703 LAWRENCE AVE W None M6A 1B4
10763128,2,True,True,True,False,BREWING BROKERS,3153 Yonge St None M4N 2K9 ; 3153 YONGE ST None M4N 2K9
10763347,2,True,True,True,False,NO. 10 DEAN,200 Redpath Ave None M4P 0E6 ; 200 REDPATH AVE None M4P 0E6
10763378,2,True,True,True,False,BIRYANI N BARBQ,"6015 Steeles Ave E Unit-1-2 None ; 6015 STEELES AVE E, Unit-1-2 None None"
10763569,2,True,True,True,False,MOMOTARO SUSHI,2911 Dundas St W None M6P 1Z1 ; 2911 DUNDAS ST W None M6P 1Z1
10763739,2,True,True,True,False,BIRRIA CATRINA,131 Roncesvalles Ave None M6R 2L2 ; 131 RONCESVALLES AVE None M6R 2L2
10764468,2,True,True,True,False,SOUVLAKI PLACE,1144 The Queensway None M8Z 1P7 ; 1144 THE QUEENSWAY None M8Z 1P7
10764547,2,True,True,True,False,SHOELESS JOE'S SPORTS GRILL,"3200 Dufferin St Unit-10B M6A 3B2 ; 3200 DUFFERIN ST, Unit-10B None M6A 3B2"
10764667,2,True,True,True,False,SIXTH SENSE SPA AND NAIL,"901 King St W Unit-103 M5V 3H5 ; 901 KING ST W, Unit-103 None M5V 3H5"
10765264,2,True,True,True,False,225 MORNINGSIDE FOOD BANK,225 Morningside Ave None M1E 3E5 ; 225 MORNINGSIDE AVE None M1E 3E5
10765281,2,True,True,True,False,TEAMENDOUS,10 Karl Fraser Rd None M3C 0E8 ; 10 KARL FRASER RD None M3C 0E8
10765737,2,True,True,True,False,TIM HORTONS,2 Bruyeres Mews None M5V 0G7 ; 2 BRUYERES MEWS None M5V 0G7
10765828,2,True,True,True,False,LAMBRETTA PIZZERIA,1151 Davenport Rd None M6H 2G4 ; 1151 DAVENPORT RD None M6H 2G4
10765952,2,True,True,True,False,EAT LUNCH,"63 Wingold Ave Rm-115 M6B 1P8 ; 63 WINGOLD AVE, Rm-115 None M6B 1P8"
10765954,2,True,True,True,False,D SPOT DESSERT,"2583 St Clair Ave W Unit-7 M6N 4Z5 ; 2583 ST CLAIR AVE W, Unit-7 None M6N 4Z5"
10766073,2,True,True,True,False,ITACATE,998 St Clair Ave W None M6E 1A2 ; 998 ST CLAIR AVE W None M6E 1A2
10766092,2,True,True,True,False,DOLLARAMA,"1911 Finch Ave W Unit-36C M3N 2V2 ; 1911 FINCH AVE W, Unit-36C None M3N 2V2"
10766533,2,True,True,True,False,THE AULD SPOT PUB,347 Danforth Ave None M4K 1N7 ; 347 DANFORTH AVE None M4K 1N7
10766814,2,True,True,True,False,GREAT FRUIT BUBBLE TEA,2596 Danforth Ave None M4C 1L3 ; 2596 DANFORTH AVE None M4C 1L3
10767034,2,True,True,True,False,FIRST ALLIANCE CHURCH,3250 Finch Ave E None M1W 2Y1 ; 3250 FINCH AVE E None M1W 2Y1
10767066,2,True,True,True,False,PATTY CAKE & ICE-CREAM,"2602 Eglinton Ave E Unit-B M1K 2R9 ; 2602 EGLINTON AVE E, Unit-B None M1K 2R9"
10767577,2,True,True,True,False,DV AFRICAN FOOD,"1288 Wilson Ave Unit-1 M3M 1H5 ; 1288 WILSON AVE, Unit-1 None M3M 1H5"
10768071,2,True,True,True,False,TOP GUN BURGERS,490 Bloor St W None M5S 1X8 ; 490 BLOOR ST W None M5S 1X8
10768786,2,False,True,True,False,ARITZIA ; ARITZIA  A-OK CAFE,"3401 Dufferin St Unit-28A M6A 2T9 ; 3401 DUFFERIN ST, Unit-28A None M6A 2T9"
10769044,2,True,True,True,False,BLONDIES PIZZA - JUNCTION,2486 Dundas St W None M6P 1W9 ; 2486 DUNDAS ST W None M6P 1W9
10769190,2,True,True,True,False,MCDONALD'S,900 Dufferin St None M6H 4A9 ; 900 DUFFERIN ST None M6H 4A9
10769545,2,True,True,True,False,COLOMBIAN STREET FOOD,1565 Dupont St None M6P 3S5 ; 1565 DUPONT ST None M6P 3S5
10769897,2,True,True,True,False,HIBACHI TEPPANYAKI & BAR,1800 Sheppard Ave E None M2J 5A7 ; 1800 SHEPPARD AVE E None M2J 5A7
10770422,2,True,True,True,False,SARVIN MEAT & FISH MARKET,"1001 Sandhurst Crcl Unit-4 M1V 1Z6 ; 1001 SANDHURST CRCL, Unit-4 None M1V 1Z6"
10770629,2,True,True,True,False,MA BELLE BAKLAVACISI,1110 Wilson Ave None M3M 1G7 ; 1110 WILSON AVE None M3M 1G7
10770790,2,True,True,True,False,STAR FRUIT MARKET,523 Parliament St None M4X 1P3 ; 523 PARLIAMENT ST None M4X 1P3
10771305,2,False,True,True,False,MOMO GHAR ; MOMO GHAR - TABI,568 Parliament St None M4X 1P8 ; 568 PARLIAMENT ST None M4X 1P8
10771352,2,True,True,True,False,SUSHI LEGEND,"11 Ravel Rd Unit-3 None ; 11 RAVEL RD, Unit-3 None None"
10771385,2,True,True,True,False,FAT BASTARD BURRITO,"96 Gerrard St E Unit-3 M5B 1G7 ; 96 GERRARD ST E, Unit-3 None M5B 1G7"
10771728,2,True,True,True,False,PIZZA NOVA,6015 Steeles Ave E None None ; 6015 STEELES AVE E None None
10771776,2,True,True,True,False,OLIVER COFFEE BAR,"852 Pape Ave Unit-3 M4K 3T6 ; 852 PAPE AVE, Unit-3 None M4K 3T6"
10771900,2,True,True,True,False,NANI'S GELATO,120 Lynn Williams St None M6K 3N6 ; 120 LYNN WILLIAMS ST None M6K 3N6
10772100,2,True,True,True,False,FAT BOY RESTAURANT,"5651 Steeles Ave E Unit-28 M1V 5P6 ; 5651 STEELES AVE E, Unit-28 None M1V 5P6"
10772337,2,True,True,True,False,MIZNON,1235 Bay St None M5R 3K4 ; 1235 BAY ST None M5R 3K4
10772428,2,True,True,True,False,PIZZA PIZZA,"1571 Sandhurst Crcl Unit-102 M1V 1V2 ; 1571 SANDHURST CRCL, Unit-102 None M1V 1V2"
10772521,2,True,True,True,False,THE BULL BBQ PIT,2790 Dundas St W None M6P 1Y5 ; 2790 DUNDAS ST W None M6P 1Y5
10773034,2,True,True,True,False,PREQUEL & CO APOTHECARY,1036 Queen St W None M6J 1H7 ; 1036 QUEEN ST W None M6J 1H7
10773105,2,True,True,True,False,CAFE OUR HOURS,557 Church St None M4Y 2E2 ; 557 CHURCH ST None M4Y 2E2
10775580,2,False,True,True,False,ID LOVE RESTAURANT AND LOUNGE ; ID LOVE RESTAURANT,"21 Signal Hill Ave Unit-1 M9W 6V8 ; 21 SIGNAL HILL AVE, Unit-1 None M9W 6V8"
10776020,2,True,True,True,False,TRIANGLE LOGISTICS,449 Mcnicoll Ave None M2H 2C9 ; 449 MCNICOLL AVE None M2H 2C9
10776186,2,True,True,True,False,MERCADO,682 Caledonia Rd None M6E 4V9 ; 682 CALEDONIA RD None M6E 4V9
10776339,2,True,True,True,False,WESTMINSTER FUNERAL RECEPTION CENTRE,5826 Bathurst St None M2R 1Y6 ; 5826 BATHURST ST None M2R 1Y6
10776670,2,True,True,True,False,PINE HOUSE CAFE,"149 Ravel Rd Unit-B M2H 1T1 ; 149 RAVEL RD, Unit-B None M2H 1T1"
10777746,2,True,True,True,False,DIM SUM FOOD,"50 Silver Star Blvd Unit-201 M1V 3L3 ; 50 SILVER STAR BLVD, Unit-201 None M1V 3L3"
10778159,2,True,True,True,False,L'AMOUR CAFE AND PASTRY,927 Mount Pleasant Rd None M4P 2L7 ; 927 MOUNT PLEASANT RD None M4P 2L7
10778161,2,True,True,True,False,ROBYN'S COOKIE,953 Mount Pleasant Rd None M4P 2L7 ; 953 MOUNT PLEASANT RD None M4P 2L7
10778165,2,True,True,True,False,JJ BEST WESTERN BANQUET HALL,1468 Victoria Park Ave None M4A 2M2 ; 1468 VICTORIA PARK AVE None M4A 2M2
10778238,2,True,True,True,False,PASSION +JUICE,"1700 Wilson Ave Unit-41 M3L 1B2 ; 1700 WILSON AVE, Unit-41 None M3L 1B2"
10778245,2,True,True,True,False,MARATHON CAFE,"28 Finch Ave W Unit-111 M2N 2G7 ; 28 FINCH AVE W, Unit-111 None M2N 2G7"
10778638,2,True,True,True,False,PIZZAIOLO,"1500 Islington Ave Unit-1 M9A 3L8 ; 1500 ISLINGTON AVE, Unit-1 None M9A 3L8"
10779162,2,True,True,True,False,DEMETRES,1090 Don Mills Rd None M3C 3R6 ; 1090 DON MILLS RD None M3C 3R6
10779387,2,True,True,True,False,FAT BASTARD BURRITO,"5085 Sheppard Ave E Unit-15 M1S 4N8 ; 5085 SHEPPARD AVE E, Unit-15 None M1S 4N8"
10779412,2,True,True,True,False,ZAK'S BAR AND GRILL,790 Military Trl None M1E 4P7 ; 790 MILITARY TRL None M1E 4P7
10780181,2,True,True,True,False,ROYAL KING EVENT CENTRE,181 Rexdale Blvd None M9W 1P7 ; 181 REXDALE BLVD None M9W 1P7
10780607,2,True,True,True,False,NOBLE MOMOS,2923 Lawrence Ave E None M1P 2S8 ; 2923 LAWRENCE AVE E None M1P 2S8
10781895,2,True,True,True,False,DANGOL,"240 Alton Towers Crcl Unit-A10 M1V 4P2 ; 240 ALTON TOWERS CRCL, Unit-A10 None M1V 4P2"
10782209,2,True,True,True,False,GOLDEN STAR RESTAURANT,"1690 Jane St Unit-B M9N 2S4 ; 1690 JANE ST, Unit-B None M9N 2S4"
10782647,2,True,True,True,False,DARK HORSE ESPRESSO BAR,1187 St Clair Ave W None M6E 1B5 ; 1187 ST CLAIR AVE W None M6E 1B5
10782917,2,True,True,True,False,SHELL SELECT/FRESHII,4722 Yonge St None M2N 5M4 ; 4722 YONGE ST None M2N 5M4
10783729,2,True,True,True,False,YOUR GELATO,2009 Avenue Rd None M5M 4A5 ; 2009 AVENUE RD None M5M 4A5
10785551,2,True,True,True,False,PIZZA SHAB,"155 Dalhousie St Unit-1015A M5B 2P7 ; 155 DALHOUSIE ST, Unit-1015A None M5B 2P7"
10785849,2,True,True,True,False,KALYANI INDIAN CUISINE,"440 Brimley Rd Unit-12 M1J 1A1 ; 440 BRIMLEY RD, Unit-12 None M1J 1A1"
10786912,2,True,True,True,False,MAHA'S CAFE,978 Queen St E None M4M 1K1 ; 978 QUEEN ST E None M4M 1K1
10786982,2,True,True,True,False,KOMUGI BAKERY,"3030 Don Mills Rd E Unit-12B M2J 3C1 ; 3030 DON MILLS RD E, Unit-12B None M2J 3C1"
10787242,2,True,True,True,False,ESTRELA RESTAURANT,"5 Lavington Dr Unit-1A M9R 2H1 ; 5 LAVINGTON DR, Unit-1A None M9R 2H1"
10787276,2,True,True,True,False,KAZE SUSHI,1931 Avenue Rd None M5M 4A2 ; 1931 AVENUE RD None M5M 4A2
10788287,2,True,True,True,False,ISSAI JAPANESE EATERY,101 Esther Shiner Blvd None M2K 0C3 ; 101 ESTHER SHINER BLVD None M2K 0C3
10788455,2,True,True,True,False,FU YAO SUPERMARKET,"8 Greystone Walk Dr Unit-11 M1K 5J2 ; 8 GREYSTONE WALK DR, Unit-11 None M1K 5J2"
10788914,2,True,True,True,False,MSSM YORKVILLE,"154 Cumberland St Flr-2 M5R 1A8 ; 154 CUMBERLAND ST, Flr-2 None M5R 1A8"
10789592,2,True,True,True,False,ORO CAFE & EATERY,2377 Queen St E None M4E 1H2 ; 2377 QUEEN ST E None M4E 1H2
10790013,2,True,True,True,False,THE BESPOKE WELLNESS GROUP/GREEN HOUSE,"1 Yorkville Ave Unit-110 M4W 1L1 ; 1 YORKVILLE AVE, Unit-110 None M4W 1L1"
10790159,2,True,True,True,False,1611 STUDIOS,1611 Dundas St W None M6K 1T9 ; 1611 DUNDAS ST W None M6K 1T9
10790161,2,True,True,True,False,DEAR SAIGON,3720 Midland Ave None M1V 4V3 ; 3720 MIDLAND AVE None M1V 4V3
10790558,2,False,True,True,False,ALI'S WEST INDIAN ROTI SHOP/SHAWARMA FALAFEL - FB 712/713/714 - CNE 2026 ; ALI'S WEST INDIAN ROTI SHOP - FB - CNE 2025,2 Strachan Ave None M6K 3C3 ; 2 STRACHAN AVE None M6K 3C3
10790987,2,True,True,True,False,MANG JOSE RESTAURANT,3543 Bathurst St None M6A 2C7 ; 3543 BATHURST ST None M6A 2C7
10790999,2,True,True,True,False,CANOPY BY HILTON TORONTO - YORKVILLE (VIRTU CAFE),387 Bloor St E None M4W 1H7 ; 387 BLOOR ST E None M4W 1H7
10791410,2,False,True,True,False,ICE CREAM WAFFLES SANDWICHES - KW 12 - CNE 2026 ; ICE CREAM WAFFLES - CNE 2025 - KW,100 Princes Blvd None M6K 3C3 ; 100 PRINCES BLVD None M6K 3C3
10793212,2,True,True,True,False,SADELLES/ TREATS,"78 Yorkville Ave Flr-2ND FLOOR M5R 1B9 ; 78 YORKVILLE AVE, Flr-2ND FLOOR None M5R 1B9"
10793318,2,True,True,True,False,PIZZAIOLO,4920 Yonge St None M2N 5N5 ; 4920 YONGE ST None M2N 5N5
10793734,2,True,True,True,False,AO CAKE,"3272 Midland Ave Unit-B-126 M1V 0C7 ; 3272 MIDLAND AVE, Unit-B-126 None M1V 0C7"
10794080,2,True,True,True,False,ROMANTIC BAKERY,"240 Alton Towers Crcl Unit-A11 M1V 4P2 ; 240 ALTON TOWERS CRCL, Unit-A11 None M1V 4P2"
10795609,2,True,True,True,False,CORAZON AGAVE,"765 The Queensway Bldg-- M8Z 1N1 ; 765 THE QUEENSWAY, Bldg-- None M8Z 1N1"
10795700,2,True,True,True,False,VINDALOO INDIAN & HAKKA CUISINE,"2848 Ellesmere Rd Bldg-1 M1E 4B8 ; 2848 ELLESMERE RD, Bldg-1 None M1E 4B8"
10796301,2,True,True,True,False,COTTI COFFEE,"1800 Sheppard Ave E Unit-K016 M2J 5A7 ; 1800 SHEPPARD AVE E, Unit-K016 None M2J 5A7"
10796692,2,True,True,True,False,FUWA FUWA,"1800 Sheppard Ave E Unit-1093 M2J 5A7 ; 1800 SHEPPARD AVE E, Unit-1093 None M2J 5A7"
10796803,2,True,True,True,False,TIGER SUGAR,2391 Yonge St None M4P 2E7 ; 2391 YONGE ST None M4P 2E7
10796810,2,True,False,True,False,STARBUCKS COFFEE,"3401 Dufferin St CRU 601B M6A 2T9 ; 3401 DUFFERIN ST, Unit-601B None M6A 2T9"
10797461,2,True,True,True,False,LEFT FIELD BREWERY,"40 Hanna Ave Ste-203 None ; 40 HANNA AVE, Ste-203 None None"
10797737,2,True,True,True,False,AND/ORE,1040 Queen St W None M6J 1H7 ; 1040 QUEEN ST W None M6J 1H7
10799871,2,True,True,True,False,BB.Q CHICKEN,"4915 Steeles Ave E Unit-8 M1V 4Z3 ; 4915 STEELES AVE E, Unit-8 None M1V 4Z3"
10799920,2,True,True,True,False,SWIFT CAFE,"245 Fairview Mall Dr Unit-101 M2J 4T1 ; 245 FAIRVIEW MALL DR, Unit-101 None M2J 4T1"
10800308,2,True,True,True,False,TOGO CAFE,"3276 Midland Ave Bldg-C117 M1V 0C8 ; 3276 MIDLAND AVE, Bldg-C117 None M1V 0C8"
10800313,2,True,True,True,True,PETRO CANADA,2500 Sheppard Ave E None M2J 1X1 ; 2500 SHEPPARD AVE E None M2J 1X1
10800351,2,True,True,True,False,COSMIC PIZZA & DONAIR,2633 Yonge St None M4P 2J6 ; 2633 YONGE ST None M4P 2J6
10800724,2,True,True,True,False,MR. GREEK,"6015 Steeles Ave E Unit-6-7 None ; 6015 STEELES AVE E, Unit-6-7 None None"
10802538,2,True,True,True,False,KAURAN BAZAR,"4500 Sheppard Ave E Unit-27 M1S 3R6 ; 4500 SHEPPARD AVE E, Unit-27 None M1S 3R6"
10802647,2,True,True,True,False,PANPAN NOODLE BAR,"390 Silver Star Blvd Unit-42 M1V 0G5 ; 390 SILVER STAR BLVD, Unit-42 None M1V 0G5"
10802663,2,True,True,True,False,KUNG FU TEA,52 Orfus Rd None M6A 1L6 ; 52 ORFUS RD None M6A 1L6
10802669,2,True,True,True,False,INS MARKET,"501 Yonge St Bldg-A6 M4Y 1Y4 ; 501 YONGE ST, Bldg-A6 None M4Y 1Y4"
10803235,2,True,True,True,False,JAVA JOE'S,1500 Islington Ave None M9A 3L8 ; 1500 ISLINGTON AVE None M9A 3L8
10804173,2,True,True,True,False,GALLERIA SUPERMARKET EXPRESS,2293 Yonge St None M4P 2C6 ; 2293 YONGE ST None M4P 2C6
10804275,2,True,True,True,False,MIZU OMAKASE SUSHI,"3720 Midland Ave Unit-112 M1V 4V3 ; 3720 MIDLAND AVE, Unit-112 None M1V 4V3"
10804774,2,True,True,True,False,DESI TASTE,204 Markham Rd None M1J 3C2 ; 204 MARKHAM RD None M1J 3C2
10805469,2,True,True,True,False,LA BOTANA MEXICANA,"3111 Dufferin St Unit-101 M6A 2S7 ; 3111 DUFFERIN ST, Unit-101 None M6A 2S7"
10805832,2,True,True,True,False,THE BURGER'S PRIEST,1922 Queen St E None M4L 1H5 ; 1922 QUEEN ST E None M4L 1H5
10805974,2,True,True,True,False,KITCHEN FOOD FAIR,33 The Links Rd None M2P 1T7 ; 33 THE LINKS RD None M2P 1T7
10806788,2,True,True,True,False,HAZUKIDO,"1800 Sheppard Ave E Unit-CRU 1096 M2J 5A7 ; 1800 SHEPPARD AVE E, Unit-CRU 1096 None M2J 5A7"
10807409,2,True,True,True,False,DONGRAMI,700 Bay St None M5G 1Z6 ; 700 BAY ST None M5G 1Z6
10807573,2,True,True,True,False,TWILIGHT CAFE,16 Park Home Ave None M2N 0J4 ; 16 PARK HOME AVE None M2N 0J4
10807858,2,True,True,True,False,WINE KITZ,"3220 Dufferin St Unit-5 M6A 2T3 ; 3220 DUFFERIN ST, Unit-5 None M6A 2T3"
10807977,2,True,True,True,False,KANTO BY TITA FLIPS,5210 Yonge St None M2N 5P6 ; 5210 YONGE ST None M2N 5P6
10808015,2,True,True,True,False,SR-EXPRESS COMPOSITE FOOD MARKET,"497 Church St Bldg-1 M4Y 2C6 ; 497 CHURCH ST, Bldg-1 None M4Y 2C6"
10808238,2,True,True,True,False,IF CAFE,3472 Keele St None M3J 3M1 ; 3472 KEELE ST None M3J 3M1
10808484,2,True,True,True,False,KONG! BURGERS,"91 Rylander Blvd Unit-1011 M1B 5M5 ; 91 RYLANDER BLVD, Unit-1011 None M1B 5M5"
10809140,2,True,True,True,False,DOLLAR MAHAL PLUS CONVENIENCE,"120 Eringate Dr Unit-9 M9C 3Z8 ; 120 ERINGATE DR, Unit-9 None M9C 3Z8"
10809480,2,True,True,True,False,WHISKFUL THINKING BAKERY,72 Wellesley St E None M4Y 1H2 ; 72 WELLESLEY ST E None M4Y 1H2
10809613,2,True,True,True,True,YORK MEMORIAL COLLEGIATE INSTITUTE - CAFETERIA,1700 Keele St None M6M 3W5 ; 1700 KEELE ST None M6M 3W5
10809658,2,True,True,True,False,LEMON LILY,"747 Queen St E Unit-102 M4M 1H3 ; 747 QUEEN ST E, Unit-102 None M4M 1H3"
10810473,2,True,True,True,False,WELL MEDICAL MANNING,565 College St None M6G 1B2 ; 565 COLLEGE ST None M6G 1B2
10811259,2,True,True,True,False,BANH MI BOYS,"329 Yonge St Bldg-UPPER LEVEL M5B 1R7 ; 329 YONGE ST, Bldg-UPPER LEVEL None M5B 1R7"
10811698,2,True,True,True,False,ROSA'S,1067 St Clair Ave W None M6E 1A6 ; 1067 ST CLAIR AVE W None M6E 1A6
10811817,2,True,True,True,False,GRAM'S PIZZA,1640 Dupont St None M6P 3T2 ; 1640 DUPONT ST None M6P 3T2
10811866,2,True,True,True,False,INS MARKET #5598,"45 Carlton St Bldg-#300 M5B 2H9 ; 45 CARLTON ST, Bldg-#300 None M5B 2H9"
10812150,2,True,True,True,False,LE JASMIN BAKERY,"1845 Avenue Rd Unit-A M5M 3Z4 ; 1845 AVENUE RD, Unit-A None M5M 3Z4"
10812499,2,True,True,True,False,DEL MARKET,4180 Dundas St W None M8X 1X8 ; 4180 DUNDAS ST W None M8X 1X8
10813218,2,True,True,True,False,THE SPICY ALLEY FOOD,"63 Silver Star Blvd Unit-D1-D2 M1V 5E5 ; 63 SILVER STAR BLVD, Unit-D1-D2 None M1V 5E5"
10813410,2,True,True,True,False,KAVA COFFEE HOUSE,100 Howard St None None ; 100 HOWARD ST None None
10813717,2,True,True,True,False,TASTE OF HONG KONG,"2301 Brimley Rd Unit-132 M1S 5B8 ; 2301 BRIMLEY RD, Unit-132 None M1S 5B8"
10813832,2,True,True,True,False,ESSO,540 Evans Ave None M8W 2V4 ; 540 EVANS AVE None M8W 2V4
10813864,2,True,True,True,False,PINOY MINI STEP,794 Wilson Ave None M3K 1E2 ; 794 WILSON AVE None M3K 1E2
10813964,2,True,True,True,False,PAPA'S BURGER,1165 St Clair Ave W None M6E 1B2 ; 1165 ST CLAIR AVE W None M6E 1B2
10814149,2,True,True,True,False,KEBAB PIZZA,2371 Weston Rd None M9N 1Z8 ; 2371 WESTON RD None M9N 1Z8
10814752,2,True,True,True,False,SUFIA SUPERMARKET,3333 Danforth Ave None M1L 1C7 ; 3333 DANFORTH AVE None M1L 1C7
10815143,2,True,True,True,False,KATA SUSHI,"140 Carlton St Unit-33 M5A 3W7 ; 140 CARLTON ST, Unit-33 None M5A 3W7"
10815293,2,True,True,True,False,PHO DAY,"1571 Sandhurst Crcl Unit-159C M1V 1V2 ; 1571 SANDHURST CRCL, Unit-159C None M1V 1V2"
10815483,2,True,True,True,False,GEMARO BAKERY,143 Main St None M4E 2V9 ; 143 MAIN ST None M4E 2V9
10815977,2,True,True,True,False,FORTINOS ; FORTINO'S,330 Queens Plate Dr None M9W 7J7 ; 330 QUEENS PLATE DR None M9W 7J7
10816135,2,True,True,True,False,DIRTY BIRRIAS,1610 Queen St E None M4L 1G2 ; 1610 QUEEN ST E None M4L 1G2
10817626,2,True,True,True,False,FIFTYLAN,"4750 Yonge St Unit-105 M2N 5M6 ; 4750 YONGE ST, Unit-105 None M2N 5M6"
10818524,2,True,True,True,False,K VIVA MEXICO 2,40 Carl Hall Rd None M3K 2C1 ; 40 CARL HALL RD None M3K 2C1
10819252,2,True,True,True,False,PIZZERIA NO. 900 BEACHES ; PIZZERIA NO 900 BEACHES,1987 Queen St E None M4L 1J1 ; 1987 QUEEN ST E None M4L 1J1
10820040,2,True,True,True,False,NEW THAI LIME RESTAURANT,1551 Dupont St None M6P 3S5 ; 1551 DUPONT ST None M6P 3S5
10820076,2,True,True,True,False,HARMONY HOT POT,"633 Silver Star Blvd Unit-110-111 M1V 5N1 ; 633 SILVER STAR BLVD, Unit-110-111 None M1V 5N1"
10820318,2,True,True,True,False,AMELIAS MARKET,"340 Westmoreland Ave N Unit-102 M6H 3A7 ; 340 WESTMORELAND AVE N, Unit-102 None M6H 3A7"
10820718,2,True,True,True,False,KRISHNA'S KITCHEN,"20 Lockport Ave Unit-2 M8Z 2R7 ; 20 LOCKPORT AVE, Unit-2 None M8Z 2R7"
10820838,2,True,True,True,False,MATCHA YUZU,"390 Silver Star Blvd Unit-166 M1V 0G5 ; 390 SILVER STAR BLVD, Unit-166 None M1V 0G5"
10820987,2,False,True,True,False,BEAVER TAILS - KIDS WORLD KW 08 - CNE 2026 ; BEAVER TAILS - KIDS WORLD KW 08 - CNE 2025,100 Princes Blvd None M6K 3C3 ; 100 PRINCES BLVD None M6K 3C3
10820991,2,True,True,True,False,10 DEAN,"21 Dalhousie St Flr-MAIN M5B 2A5 ; 21 DALHOUSIE ST, Flr-MAIN None M5B 2A5"
10820993,2,False,True,True,False,CORN STARS AND DOGS - NOVA SCOTIA NS 02 - CNE 2026 ; CORN STARS AND DOGS - NOVA SCOTIA - CNE 2025,100 Princes Blvd None M6K 3C3 ; 100 PRINCES BLVD None M6K 3C3
10821011,2,True,True,True,False,KIMBAP KARAH ON,"5418 Yonge St Unit-18 M2N 6X4 ; 5418 YONGE ST, Unit-18 None M2N 6X4"
10821097,2,False,True,True,False,TINY TOM DONUTS - KIDS WORLD KW 09- CNE 2026 ; TINY TOM DONUTS - KIDS WORLD KW 09- CNE 2025,100 Princes Blvd None M6K 3C3 ; 100 PRINCES BLVD None M6K 3C3
10821116,2,False,True,True,False,THE SUPER NOODLE COMPANY - FB  415 /416 - CNE 2026 ; THE SUPER NOODLE COMPANY - FB  415 - CNE 2025,2 Strachan Ave None M6K 3C3 ; 2 STRACHAN AVE None M6K 3C3
10821219,2,True,True,True,False,RANDY'S PATTIES,1569 Eglinton Ave W None M6E 2G9 ; 1569 EGLINTON AVE W None M6E 2G9
10822068,2,True,True,True,False,NALAN BATTERS,"2623 Eglinton Ave E Unit-1 M1K 2S2 ; 2623 EGLINTON AVE E, Unit-1 None M1K 2S2"
10823484,2,True,True,True,False,YORK LOUNGE/FAST FIRED PIZZA,"1275 Finch Ave W Unit-101 M3J 0K5 ; 1275 FINCH AVE W, Unit-101 None M3J 0K5"
10823792,2,True,True,True,False,PAK FOK FOOD PRODUCTS,"50 Thornmount Dr Unit-23 M1B 5P3 ; 50 THORNMOUNT DR, Unit-23 None M1B 5P3"
10824128,2,True,True,True,True,HOTEL X - TERRACE BAR - 4TH FL,111 Princes Blvd None M6K 3C3 ; 111 PRINCES BLVD None M6K 3C3
10824341,2,True,True,True,False,SHELL,1586 Bathurst St None M5P 3H3 ; 1586 BATHURST ST None M5P 3H3
10825119,2,True,True,True,False,YOGU PI,"15 Northtown Way Unit-22 M2N 7A2 ; 15 NORTHTOWN WAY, Unit-22 None M2N 7A2"
10826224,2,True,True,True,False,SOUVLAKI & PANINI,6 Fairlawn Ave None M5M 1S7 ; 6 FAIRLAWN AVE None M5M 1S7
10827215,2,True,True,True,False,CHOO TEA,"5 Northtown Way Unit-4 M2N 7A1 ; 5 NORTHTOWN WAY, Unit-4 None M2N 7A1"
10827225,2,True,True,True,False,CAKETORONTO,"2727 Steeles Ave W Unit-101 M3J 3G9 ; 2727 STEELES AVE W, Unit-101 None M3J 3G9"
10827604,2,True,True,True,False,LA PREP,5150 Yonge St None M2N 6L8 ; 5150 YONGE ST None M2N 6L8
10827906,2,True,True,True,False,NEO COFFEE BAR,12 Gloucester St None M4Y 1L5 ; 12 GLOUCESTER ST None M4Y 1L5
10828357,2,True,True,True,False,CAFE NAMOO,23 Drewry Ave None M2M 1C9 ; 23 DREWRY AVE None M2M 1C9
10828486,2,True,True,True,False,SPARK SHOP AND COFFEE,917 Yonge St None M4W 2H2 ; 917 YONGE ST None M4W 2H2
10828943,2,True,True,True,False,B BOYZ,"45 Carlton St Unit-300 M5B 2H9 ; 45 CARLTON ST, Unit-300 None M5B 2H9"
10830511,2,True,True,True,False,PAT GARDEN MARKET,63 Spring Garden Ave None None ; 63 SPRING GARDEN AVE None None
10830512,2,True,True,True,False,HAYMISHE BAKERY,3031 Bathurst St None M6B 3B5 ; 3031 BATHURST ST None M6B 3B5
10830517,2,True,True,True,False,TAM O'SHANTER GOLF COURSE,2481 Birchmount Rd None M1T 2M6 ; 2481 BIRCHMOUNT RD None M1T 2M6
10830612,2,True,True,True,False,KIRB'S KITCHENETTE,2184A Eglinton Ave W None M6E 2L1 ; 2184A EGLINTON AVE W None M6E 2L1
10830823,2,True,True,True,False,MR. PRETZELS,1800 Sheppard Ave E None M2J 5A7 ; 1800 SHEPPARD AVE E None M2J 5A7
10831679,2,True,True,True,False,NORTH OF BROOKLYN PIZZERIA,"1180 The Queensway Bldg-= M8Z 1R5 ; 1180 THE QUEENSWAY, Bldg-= None M8Z 1R5"
10831806,2,True,True,True,False,OMIWOL,"229 Consumers Rd Unit-119 M2J 0E9 ; 229 CONSUMERS RD, Unit-119 None M2J 0E9"
10832496,2,True,True,True,False,FARM BOY,147 Laird Dr None M4G 4K1 ; 147 LAIRD DR None M4G 4K1
10832499,2,True,True,True,False,AH SO,147 Laird Dr None M4G 4K1 ; 147 LAIRD DR None M4G 4K1
10832696,2,False,True,True,False,CAFE 544 BAR (BOCALE 544) ; CAFE 544 BAR,2178 Eglinton Ave W None M6E 2L1 ; 2178 EGLINTON AVE W None M6E 2L1
10832787,2,False,True,True,False,MARRY ME MOCHI ; MARRY ME MACHI,"3401 Dufferin St Unit-CR 110 M6A 2T9 ; 3401 DUFFERIN ST, Unit-CR 110 None M6A 2T9"
10832795,2,True,True,True,False,NIGERIA PALACE RESTAURANT,"1847 Lawrence Ave E Bldg-1 M1R 2Y3 ; 1847 LAWRENCE AVE E, Bldg-1 None M1R 2Y3"
10833325,2,True,True,True,False,THE HUT,2528 Yonge St None M4P 2H7 ; 2528 YONGE ST None M4P 2H7
10834116,2,True,True,True,False,SANOFI,1755 Steeles Ave W None M2R 3T4 ; 1755 STEELES AVE W None M2R 3T4
10835241,2,True,True,True,False,KFC,1928 Eglinton Ave W None M6E 2J6 ; 1928 EGLINTON AVE W None M6E 2J6
10835334,2,True,True,True,False,PIZZAVILLE,"1730 Bloor St W Unit-5A M6P 1B3 ; 1730 BLOOR ST W, Unit-5A None M6P 1B3"
10835866,2,True,True,True,False,ANNALAKSHMI,"250 Alton Towers Crcl Unit-C8 M1V 3Z4 ; 250 ALTON TOWERS CRCL, Unit-C8 None M1V 3Z4"
10836179,2,True,True,True,False,COUNTRY BAKERY & MARKET,1601 Ellesmere Rd None M1P 2Y3 ; 1601 ELLESMERE RD None M1P 2Y3
10836225,2,True,True,True,False,TOUCH MASSAGE BAR & CAFE,"2555 Yonge St Unit-201 M4P 2H9 ; 2555 YONGE ST, Unit-201 None M4P 2H9"
10836293,2,True,True,True,False,PARIS BAGUETTE,"2401 Yonge St Unit-103 M4P 3H1 ; 2401 YONGE ST, Unit-103 None M4P 3H1"
10836749,2,True,True,True,False,SUSU SIAM,"390 Silver Star Blvd Unit-124-128 M1V 0G5 ; 390 SILVER STAR BLVD, Unit-124-128 None M1V 0G5"
10836999,2,True,True,True,False,SHELBY'S LEGENDARY SHAWARMA,357 Yonge St None M5B 1S1 ; 357 YONGE ST None M5B 1S1
10837284,2,True,True,True,False,389 COZY RESTAURANT,390 Silver Star Blvd None M1V 0G5 ; 390 SILVER STAR BLVD None M1V 0G5
10837363,2,True,True,True,False,SUSHI KIWAMI,599 Yonge St None M4Y 1Z4 ; 599 YONGE ST None M4Y 1Z4
10837896,2,True,True,True,False,VRCADE,"2130 Lawrence Ave E Unit-100 M1R 3A6 ; 2130 LAWRENCE AVE E, Unit-100 None M1R 3A6"
10838123,2,False,True,True,False,ALY'S PIZZA ; LATE NIGHT PIZZA BY ALY,3035 Kingston Rd None M1M 1P1 ; 3035 KINGSTON RD None M1M 1P1
10838168,2,True,True,True,False,SAI DHAM FOOD BANK,31 Steinway Blvd None M9W 6N3 ; 31 STEINWAY BLVD None M9W 6N3
10838465,2,True,True,True,False,YONGE POTATO,"28 Finch Ave W Unit-110 M2N 2G7 ; 28 FINCH AVE W, Unit-110 None M2N 2G7"
10839363,2,True,True,True,False,18 FEET,"86 Gerrard St E Unit-100 M5B 2J1 ; 86 GERRARD ST E, Unit-100 None M5B 2J1"
10839962,2,True,True,True,False,BRICK & BUTTER BAKEHOUSE,"28 Finch Ave W Unit-116 M2N 2G7 ; 28 FINCH AVE W, Unit-116 None M2N 2G7"
10840291,2,True,True,True,False,VI & YU LING'S NOFRILLS,360 Mclevin Ave None M1B 0C2 ; 360 MCLEVIN AVE None M1B 0C2
10840331,2,True,True,True,False,ZENSHI,330 Queens Plate Dr None M9W 7J7 ; 330 QUEENS PLATE DR None M9W 7J7
10840419,2,True,True,True,False,FRESH OJ,45 Overlea Blvd None M4H 1C3 ; 45 OVERLEA BLVD None M4H 1C3
10840839,2,True,True,True,False,SWEET ADDICTIONS,563 Danforth Ave None M4K 1P9 ; 563 DANFORTH AVE None M4K 1P9
10842608,2,True,True,True,False,MAHRAMAZ IMPORTERS,"4800 Sheppard Ave E Unit-101 M1S 4N5 ; 4800 SHEPPARD AVE E, Unit-101 None M1S 4N5"
10842874,2,True,True,True,False,KRAVE DINER,"1690 Queen St W Bldg-* M6R 1B3 ; 1690 QUEEN ST W, Bldg-* None M6R 1B3"
10842923,2,True,True,True,False,DELICIOUS JAMAICAN CUISINE & COFFEE,1568 Eglinton Ave W None M6E 2G8 ; 1568 EGLINTON AVE W None M6E 2G8
10843049,2,True,True,True,False,OSU TROPICAL MARKET,"3650 Weston Rd Unit-20 M9L 1W2 ; 3650 WESTON RD, Unit-20 None M9L 1W2"
10843169,2,True,True,True,False,REAL DEAL JUICE,"50 Silver Star Blvd Unit-221 M1V 3L3 ; 50 SILVER STAR BLVD, Unit-221 None M1V 3L3"
10843210,2,True,True,True,False,COCO MARKET,2549 Yonge St None M4P 2H9 ; 2549 YONGE ST None M4P 2H9
10843301,2,True,True,True,False,TORTAS AHOGADAS GUADALAJARA,2400 Dufferin St None M6E 3S6 ; 2400 DUFFERIN ST None M6E 3S6
10844703,2,True,True,True,False,EUROPA CAFFE,1168 The Queensway None M8Z 1R5 ; 1168 THE QUEENSWAY None M8Z 1R5
10844798,2,True,True,True,False,YAL MARKET,2563 Eglinton Ave E None M1K 2R7 ; 2563 EGLINTON AVE E None M1K 2R7
10844799,2,True,True,True,False,MARCHE LEO'S MARKET,4208 Dundas St W None M8X 1Y6 ; 4208 DUNDAS ST W None M8X 1Y6
10845615,2,True,True,True,False,RINGO'S,4 Times Rd None M6E 3B7 ; 4 TIMES RD None M6E 3B7
10845768,2,True,True,True,False,GRANDMA LOVES YOU,846 Sheppard Ave W None M3H 2T5 ; 846 SHEPPARD AVE W None M3H 2T5
10846053,2,True,True,True,False,RADICI PROJECT,588 College St None M6G 1B3 ; 588 COLLEGE ST None M6G 1B3
10846286,2,True,True,True,False,REGION FOOD + WINE + BAR,4208 Dundas St W None M8X 1Y6 ; 4208 DUNDAS ST W None M8X 1Y6
10846773,2,True,True,True,False,PARLIAMENT ICE CREAM SHOPPE,546 Parliament St None M4X 1P6 ; 546 PARLIAMENT ST None M4X 1P6
10846831,2,True,True,True,False,VIETBITES,246 Gerrard St E None M5A 2G2 ; 246 GERRARD ST E None M5A 2G2
10846835,2,True,True,True,False,BEAN ME UP,"225 Commissioners St Bldg-2ND FLOOR M4M 0A1 ; 225 COMMISSIONERS ST, Bldg-2ND FLOOR None M4M 0A1"
10847673,2,True,True,True,False,AFRICAN FRESHNESS SUPERSTORE,"2500 Lawrence Ave E Unit-1 M1P 2R7 ; 2500 LAWRENCE AVE E, Unit-1 None M1P 2R7"
10847709,2,True,True,True,False,CAFE PARMESAN,918 Kingston Rd None M4E 1S5 ; 918 KINGSTON RD None M4E 1S5
10847789,2,True,True,True,False,MATCHA HAUS,324 Bathurst St None M5T 2S3 ; 324 BATHURST ST None M5T 2S3
10847945,2,True,True,True,False,TIM HORTONS,"1281 Dupont St Unit-7 M6H 0G1 ; 1281 DUPONT ST, Unit-7 None M6H 0G1"
10847959,2,True,True,True,False,CHO-KWOK-LAT,79 Wellesley St E None M4Y 0G5 ; 79 WELLESLEY ST E None M4Y 0G5
10847979,2,True,True,True,False,ESPRO,2102 Queen St E None M4E 1E2 ; 2102 QUEEN ST E None M4E 1E2
10848391,2,True,True,True,False,HI CHEF,"105 Vanderhoof Ave Unit-8 M4G 2H7 ; 105 VANDERHOOF AVE, Unit-8 None M4G 2H7"
10848702,2,True,True,True,False,BEAM'S,1973 Queen St E None M4L 1H9 ; 1973 QUEEN ST E None M4L 1H9
10849694,2,True,True,True,False,SAFFRON HALAL MEAT & GROCERY,2640 Danforth Ave None M4C 1L7 ; 2640 DANFORTH AVE None M4C 1L7
10850347,2,True,True,True,False,AFURI RAMEN + DUMPLING,411 Church St None M4Y 2C2 ; 411 CHURCH ST None M4Y 2C2
10850423,2,True,True,True,False,HERO CERTIFIED BURGERS,77 Wellesley St E None M4Y 1H7 ; 77 WELLESLEY ST E None M4Y 1H7
10850658,2,True,True,True,False,FRESH CUP BUBBLE TEA,"3030 Don Mills Rd E Unit-20 M2J 3C1 ; 3030 DON MILLS RD E, Unit-20 None M2J 3C1"
10850761,2,True,True,True,False,BOSQUE,940 Broadview Ave None M4K 2R1 ; 940 BROADVIEW AVE None M4K 2R1
10852048,2,True,True,True,False,TRANSASIA EXPRESS INC.,1112 Wilson Ave None M3M 1G7 ; 1112 WILSON AVE None M3M 1G7
10852693,2,True,True,True,False,BASKIN ROBBINS,"4525 Kingston Rd Unit-4A M1E 2P1 ; 4525 KINGSTON RD, Unit-4A None M1E 2P1"
10852800,2,True,True,True,False,ASPEN,33 Kern Rd None M3B 1S9 ; 33 KERN RD None M3B 1S9
10853639,2,True,True,True,False,KING SMOKE HOUSE BBQ,"1298 Danforth Ave Unit-PATIO M4J 1M6 ; 1298 DANFORTH AVE, Unit-PATIO None M4J 1M6"
10854327,2,True,True,True,False,BLUET BAKERY,245 Gerrard St E None M5A 2G1 ; 245 GERRARD ST E None M5A 2G1
10854674,2,False,True,True,False,KALAMATA LTD - ECC 4050 - CNE 2026 ; KALAMATA LTD - ECC 4050 - CNE 2025,100 Princes Blvd None M6K 3C3 ; 100 PRINCES BLVD None M6K 3C3
10855489,2,True,True,True,False,FARSI MARKET,"3040 Don Mills Rd Unit-25A M2J 3C1 ; 3040 DON MILLS RD, Unit-25A None M2J 3C1"
10855801,2,True,True,True,False,THE JAR PICKLEBALL CLUB,"900 Caledonia Rd Unit-5 M6B 3Y1 ; 900 CALEDONIA RD, Unit-5 None M6B 3Y1"
10856270,2,True,True,True,False,MALTY AND HOPPY DELICACY,"105 Vanderhoof Ave Unit-8 M4G 2H7 ; 105 VANDERHOOF AVE, Unit-8 None M4G 2H7"
10856499,2,False,True,True,False,CAROUSEL BAR - FB 01 - CNE 2026 ; CAROUSEL BAR - CNE 2025,2 Strachan Ave None M6K 3C3 ; 2 STRACHAN AVE None M6K 3C3
10856798,2,True,True,True,False,WEYONGE,"909 Yonge St Unit-27-28 M4W 2H2 ; 909 YONGE ST, Unit-27-28 None M4W 2H2"
10857523,2,True,True,True,False,PERFECTAGE,1957 Avenue Rd None M5M 4A3 ; 1957 AVENUE RD None M5M 4A3
10857542,2,False,True,True,False,PRIMADONNA (PORTLAND SQUARE - FL. 4 & 5) ; PRIMADONNA,"600 King St W Flr-4-5 M5V 1M3 ; 600 KING ST W, Flr-4-5 None M5V 1M3"
10858189,2,True,True,True,False,MARCEL & NARISHA'S NOFRILLS,730 Hillsdale Ave E None M4S 0C9 ; 730 HILLSDALE AVE E None M4S 0C9
10858402,2,True,True,True,False,ALLSTAR WINGS AND RIBS,"4664 Yonge St Unit-23 M2N 5M1 ; 4664 YONGE ST, Unit-23 None M2N 5M1"
10858504,2,True,True,True,False,BEVI  BIRRA,3072 Dundas St W None M6P 1Z7 ; 3072 DUNDAS ST W None M6P 1Z7
10858728,2,True,True,True,False,CAFFEO,405 Richmond St W None M5V 1X3 ; 405 RICHMOND ST W None M5V 1X3
10858843,2,True,True,True,False,KABUL FARMS,"55 Denison Rd E Dept-- M9N 1B8 ; 55 DENISON RD E, Dept-- None M9N 1B8"
10858963,2,True,True,True,False,TANGSSANT VIENNOISERIE,193 Church St None M5B 1Y7 ; 193 CHURCH ST None M5B 1Y7
10859395,2,True,True,True,False,KETODELIA RESTAURANT,1772 Danforth Ave None M4C 1H8 ; 1772 DANFORTH AVE None M4C 1H8
10859723,2,True,True,True,False,SOUL PROVISIONS,"68 Tycos Dr Bldg-9 M6B 1V9 ; 68 TYCOS DR, Bldg-9 None M6B 1V9"
10859860,2,True,True,True,False,RATELIER,9 Trinity Park Lane None M6K 0E6 ; 9 TRINITY PARK LANE None M6K 0E6
10859897,2,True,True,True,False,FAMILY MARKET,2857 Danforth Ave None M4C 1M2 ; 2857 DANFORTH AVE None M4C 1M2
10860090,2,True,True,True,False,APOTEX ETOBICOKE CAFETERIA,"50 Steinway Blvd Flr-3 M9W 6Y3 ; 50 STEINWAY BLVD, Flr-3 None M9W 6Y3"
10860409,2,True,True,True,False,YETI BAR CO,"38 Apex Rd Bldg-C M6A 2V2 ; 38 APEX RD, Bldg-C None M6A 2V2"
10861008,2,True,True,True,False,AJ & ASHLEY'S NO FRILLS,1811 Avenue Rd None M5M 3Z3 ; 1811 AVENUE RD None M5M 3Z3
10861359,2,True,True,True,False,DHAKA BAZAR,451 Pharmacy Ave None M1L 3G7 ; 451 PHARMACY AVE None M1L 3G7
10861543,2,True,True,True,False,ESSO CONVENIENCE,66 North Queen St None M8Z 2C4 ; 66 NORTH QUEEN ST None M8Z 2C4
10861805,2,True,True,True,False,WOODWARD MEAT PURVEYORS,1 Brookdale Ave None M5M 1P2 ; 1 BROOKDALE AVE None M5M 1P2
10861944,2,True,True,True,False,HOUSE OF MOSES,168 Baldwin St None M5T 1L8 ; 168 BALDWIN ST None M5T 1L8
10862703,2,True,True,True,False,BIMBAS IN TORONTO,"333 Silverthorn Ave Unit-3 M6N 3K5 ; 333 SILVERTHORN AVE, Unit-3 None M6N 3K5"
10863077,2,True,True,True,False,MACHI MACHI,"1800 Sheppard Ave E Unit-2021 B M2J 5A7 ; 1800 SHEPPARD AVE E, Unit-2021 B None M2J 5A7"
10863092,2,True,True,True,False,BURRITO BOYZ,335 Yonge St None M5B 1R7 ; 335 YONGE ST None M5B 1R7
10863244,2,True,True,True,False,MR. CHASKEROS,1512 Eglinton Ave W None M6E 2G5 ; 1512 EGLINTON AVE W None M6E 2G5
10863448,2,True,True,True,False,10 DEAN,31 York Garden Way None M6A 0G3 ; 31 YORK GARDEN WAY None M6A 0G3
10863608,2,True,True,True,False,TIS TWO CITIES,59 Annie Craig Dr None M8V 0C4 ; 59 ANNIE CRAIG DR None M8V 0C4
9000320,2,True,True,True,False,ADEGA RESTAURANT,33 Elm St None M5G 1H1 ; 33 ELM ST None M5G 1H1
9000731,2,True,True,True,False,ARARAT BAKERY,1800 Avenue Rd None M5M 3Z1 ; 1800 AVENUE RD None M5M 3Z1
9000761,2,True,True,True,False,ARIZONA GRILL LOUNGE,"215 Carlingview Dr Unit-102, 201 M9W 5X8 ; 215 CARLINGVIEW DR, Unit-102, 201 None M9W 5X8"
9000980,2,True,True,True,False,BAGEL PLUS,634 Sheppard Ave W None M3H 2S1 ; 634 SHEPPARD AVE W None M3H 2S1
9001195,2,True,True,True,False,BASKIN-ROBBINS,"1001 Sandhurst Crcl Unit-10 M1V 1Z6 ; 1001 SANDHURST CRCL, Unit-10 None M1V 1Z6"
9001806,2,True,True,True,False,BOVINE CLUB,542 Queen St W None M5V 2B5 ; 542 QUEEN ST W None M5V 2B5
9002676,2,True,True,True,False,CENTRE ISLAND FOOD SERVICES LTD,1 Centre Island Pk None None ; 1 CENTRE ISLAND PK None None
9002903,2,True,True,True,False,CHOCOLATE CHARM,3541 Bathurst St None M6A 2C7 ; 3541 BATHURST ST None M6A 2C7
9004707,2,True,True,True,False,DUFFERIN MEAT MARKET,2927 Dufferin St None M6B 3S7 ; 2927 DUFFERIN ST None M6B 3S7
9005045,2,True,True,True,False,ERAA SUPERMARKET,2607 Eglinton Ave E None M1K 2S2 ; 2607 EGLINTON AVE E None M1K 2S2
9005876,2,True,True,True,False,GALE'S SNACK BAR,539 Eastern Ave None M4M 1C6 ; 539 EASTERN AVE None M4M 1C6
9005900,2,True,True,True,False,GARDEN GATE RESTAURANT,2379 Queen St E None M4E 1H5 ; 2379 QUEEN ST E None M4E 1H5
9006168,2,True,True,True,False,GLOUCESTER BAKERY,131 Ravel Rd None M2H 1T1 ; 131 RAVEL RD None M2H 1T1
9006368,2,True,True,True,False,GRADUATE STUDENTS' UNION PUB,"16 Bancroft Ave Flr-Ground M5S 1C1 ; 16 BANCROFT AVE, Flr-Ground None M5S 1C1"
9006393,2,True,True,True,False,GRANDE CHEESE COMPANY,22 Orfus Rd None M6A 1L6 ; 22 ORFUS RD None M6A 1L6
9008957,2,True,True,True,False,LLOYD'S RESTAURANT,1710 Jane St None M9N 2S4 ; 1710 JANE ST None M9N 2S4
9009574,2,True,True,True,False,MARCELLO'S PIZZERIA,1163 St Clair Ave W None M6E 1B2 ; 1163 ST CLAIR AVE W None M6E 1B2
9009577,2,True,True,True,False,MARCHE ISTANBUL,"3220 Dufferin St Unit-10a M6A 2T3 ; 3220 DUFFERIN ST, Unit-10a None M6A 2T3"
9009800,2,True,True,True,False,MCDONALD'S,6170 Bathurst St None M2R 2A2 ; 6170 BATHURST ST None M2R 2A2
9010256,2,True,True,True,False,MR. JERK,209 Wellesley St E None M4X 1G1 ; 209 WELLESLEY ST E None M4X 1G1
9010457,2,True,True,True,False,MR. SUB,2928 Dufferin St None M6B 3S8 ; 2928 DUFFERIN ST None M6B 3S8
9010505,2,True,True,True,False,MR. JERK,3050 Don Mills Rd None M2J 3C1 ; 3050 DON MILLS RD None M2J 3C1
9011769,2,True,True,True,False,PEARSON FRUIT & VEGETABLES,95 Roncesvalles Ave None M6R 2K6 ; 95 RONCESVALLES AVE None M6R 2K6
9012535,2,True,True,True,False,IRVING TISSUE,1551 Weston Rd None M6M 4Y4 ; 1551 WESTON RD None M6M 4Y4
9012783,2,True,True,True,False,RAP'S,"1541 Eglinton Ave W Unit-A M6E 2G7 ; 1541 EGLINTON AVE W, Unit-A None M6E 2G7"
9013126,2,True,True,True,False,ROTI PALACE,1845 Finch Ave W None M5N 2V2 ; 1845 FINCH AVE W None M5N 2V2
9013168,2,True,True,True,False,ROYAL CANADIAN LEGION #73,2 Robinson Ave None M1L 3S7 ; 2 ROBINSON AVE None M1L 3S7
9013177,2,True,True,True,False,ROYAL CANADIAN YACHT CLUB - (Seasonal Operations),"1 Centre Island Pk Unit-39 None ; 1 CENTRE ISLAND PK, Unit-39 None None"
9013459,2,True,True,True,False,SANKAR INTERNATIONAL,"2425 Eglinton Ave E Unit-6 M1K 5G8 ; 2425 EGLINTON AVE E, Unit-6 None M1K 5G8"
9013503,2,True,True,True,False,SASSAFRAZ,100 Cumberland St None M5R 1A6 ; 100 CUMBERLAND ST None M5R 1A6
9013518,2,True,True,True,False,SAUVIGNON,1862 Queen St E None M4L 1H1 ; 1862 QUEEN ST E None M4L 1H1
9013777,2,True,True,True,False,SENATOR RESTAURANT,"249 Victoria St Unit-1 M5B 1T8 ; 249 VICTORIA ST, Unit-1 None M5B 1T8"
9013837,2,True,True,True,False,7-ELEVEN,3587 Bathurst St None M6A 2E2 ; 3587 BATHURST ST None M6A 2E2
9014549,2,True,True,True,False,ST. MATTHEW'S BBQ CHICKEN,527 Rogers Rd None M6M 1B4 ; 527 ROGERS RD None M6M 1B4
9014967,2,True,True,True,False,HILL GARDEN COFFEE & DONUTS,724 Scarlett Rd None M9P 2T5 ; 724 SCARLETT RD None M9P 2T5
9015217,2,True,True,True,False,SZECHUAN GOURMET,1033 Steeles Ave W None M2R 2S9 ; 1033 STEELES AVE W None M2R 2S9
9015778,2,True,True,True,False,THE GREAT CANADIAN BAGEL,"4700 Keele St Unit-20-21 M3J 1P3 ; 4700 KEELE ST, Unit-20-21 None M3J 1P3"
9017539,2,True,True,True,False,WILSON VARIETY,1375 Wilson Ave None M3M 1H7 ; 1375 WILSON AVE None M3M 1H7
9017784,2,True,True,True,False,YOGAS,733 Kennedy Rd None M1K 2C6 ; 733 KENNEDY RD None M1K 2C6
9018012,2,True,True,True,False,ZORBA THE GREEK,"85 Ellesmere Rd Unit-F4 M1R 4B8 ; 85 ELLESMERE RD, Unit-F4 None M1R 4B8"
9018116,2,True,True,True,False,CARIBBEAN ISLAND FOOD MARKET,3432 Weston Rd None M9M 2W1 ; 3432 WESTON RD None M9M 2W1
9018537,2,True,True,True,False,DOCE MINHO PASTRY & BAKERY,2189 Dufferin St None M6E 3R9 ; 2189 DUFFERIN ST None M6E 3R9
9018951,2,True,True,True,False,CONGEE WONG,"11 Ravel Rd Unit-5-6 None ; 11 RAVEL RD, Unit-5-6 None None"
9019250,2,True,True,True,False,REMELY'S,"4830 Sheppard Ave E Unit-16 M1S 5M9 ; 4830 SHEPPARD AVE E, Unit-16 None M1S 5M9"
9021159,2,True,True,True,False,RED ROSE PATISSERIE,6184 Yonge St None M2M 3X1 ; 6184 YONGE ST None M2M 3X1
9021965,2,True,True,True,False,A-1 SWEET & RESTAURANT,"3300 Mcnicoll Ave Unit-18 M1V 5J6 ; 3300 MCNICOLL AVE, Unit-18 None M1V 5J6"
9022541,2,True,True,True,False,CHARLEY'S WEST INDIAN FOODS,1170 Morningside Ave None M1B 3A4 ; 1170 MORNINGSIDE AVE None M1B 3A4
9022828,2,True,True,True,False,ARZ FINE FOOD SUPERMARKET,1909 Lawrence Ave E None M1R 2Y6 ; 1909 LAWRENCE AVE E None M1R 2Y6
9024000,2,True,True,True,False,OYSTER BOY,872 Queen St W None M6J 1G3 ; 872 QUEEN ST W None M6J 1G3
9029114,2,True,True,True,False,McDONALD'S,2B Greystone Walk Dr None M1K 5J2 ; 2B GREYSTONE WALK DR None M1K 5J2
9030251,2,True,True,True,False,CINEPLEX ODEON (MAIN CONCESSION),1025 The Queensway None M8Z 6C7 ; 1025 THE QUEENSWAY None M8Z 6C7
9032476,2,True,True,True,False,SWISS CHALET ROTISSERIE & GRILL,"590 Keele St Unit-1 M6N 3E2 ; 590 KEELE ST, Unit-1 None M6N 3E2"
9032552,2,True,True,True,False,HARVEY'S,590 Keele St None M6N 3E2 ; 590 KEELE ST None M6N 3E2
9044287,2,True,True,True,False,NEW KAJETIA MARKET,41 Eddystone Ave None M3N 1H5 ; 41 EDDYSTONE AVE None M3N 1H5
9052170,2,True,True,True,False,PIZZA NOVA,129 Martin Grove Rd None M9B 4K8 ; 129 MARTIN GROVE RD None M9B 4K8
9057925,2,False,True,True,False,REID'S DAIRY - FB  801 / 802 - CNE 2026 ; REID'S DAIRY - FB  801 - CNE 2025,2 Strachan Ave None M6K 3C3 ; 2 STRACHAN AVE None M6K 3C3
9058782,2,False,True,True,False,SUBWAY - FB 417/418 - CNE 2026 ; SUBWAY - FB BOOTH 417 - CNE 2025,2 Strachan Ave None M6K 3C3 ; 2 STRACHAN AVE None M6K 3C3
9063088,2,True,True,True,False,JING PEKING FOODS CO,"63 Silver Star Blvd Unit-A1-A2 M1V 5E5 ; 63 SILVER STAR BLVD, Unit-A1-A2 None M1V 5E5"
9093648,2,True,True,True,False,CIRCLE K,280 Scarlett Rd None M9A 4S4 ; 280 SCARLETT RD None M9A 4S4
9385501,2,True,True,True,False,THE KEATING CHANNEL,2 Villiers St None M5A 1B1 ; 2 VILLIERS ST None M5A 1B1
9386681,2,True,True,True,False,AL-MADINA HALAL PIZZA & BAKERY,2683 Lawrence Ave E None M1P 2S2 ; 2683 LAWRENCE AVE E None M1P 2S2
9392117,2,True,True,True,False,JERUSALEM RESTAURANT,4777 Leslie St None M2J 2K8 ; 4777 LESLIE ST None M2J 2K8
9393219,2,True,True,True,False,REGINOS PIZZA,135 Montezuma Trl None M1V 1K4 ; 135 MONTEZUMA TRL None M1V 1K4
9393290,2,True,True,True,False,CHIU KEI FOOD COMPANY,"4400 Sheppard Ave E Unit-10 M1S 5J5 ; 4400 SHEPPARD AVE E, Unit-10 None M1S 5J5"
9393372,2,True,True,True,False,THE CHOCOLATE MOOSE,2839 Bathurst St None M6B 3A4 ; 2839 BATHURST ST None M6B 3A4
9395542,2,True,True,True,False,MCDONALD'S,20 Eglinton Ave E None M4P 1A9 ; 20 EGLINTON AVE E None M4P 1A9
9396472,2,True,True,True,False,CASA DI GIORGIO RISTORANTE,1646 Queen St E None M4L 1G3 ; 1646 QUEEN ST E None M4L 1G3
9397780,2,True,True,True,False,BASKIN ROBBINS,1018 Eglinton Ave W None M6C 2C5 ; 1018 EGLINTON AVE W None M6C 2C5
9401546,2,True,True,True,False,TORONTO COMMUNITY HOUSING CORP,7-11 Arleta Ave None M3L 2E2 ; 7-11 ARLETA AVE None M3L 2E2
9403181,2,True,True,True,False,THE BELLY BUSTER SUBMARINE,3447 Yonge St None M4N 2N3 ; 3447 YONGE ST None M4N 2N3
9404605,2,True,True,True,False,TIM HORTONS,280 Scarlett Rd None M9A 4S4 ; 280 SCARLETT RD None M9A 4S4
9405831,2,True,True,True,False,PATTY TIME,2919 Lawrence Ave E None M1P 2S8 ; 2919 LAWRENCE AVE E None M1P 2S8
9407429,2,True,True,True,False,BLACK CAMEL,4 Crescent Rd None M4W 1S9 ; 4 CRESCENT RD None M4W 1S9
9413070,2,False,True,True,False,SKADARLIJA BAR ; SKARDARLIJA BAR,1608 Queen St W None M6R 1A8 ; 1608 QUEEN ST W None M6R 1A8
9414011,2,True,True,True,False,NOVA ERA,200 Geary Ave None M6H 2B9 ; 200 GEARY AVE None M6H 2B9
9414413,2,True,True,True,False,ROYAL KOREAN CUISINE,"3220 Dufferin St Unit-17a M6A 2T3 ; 3220 DUFFERIN ST, Unit-17a None M6A 2T3"
9415551,2,True,True,True,False,NOVA ERA,200 Geary Ave None M6H 2B9 ; 200 GEARY AVE None M6H 2B9
9422907,2,True,True,True,False,GATEWAY ON THE GO,5697 Yonge St None M2M 3T9 ; 5697 YONGE ST None M2M 3T9
9424319,2,True,True,True,False,PIZZA PIZZA,644 Sheppard Ave W None M3H 2S1 ; 644 SHEPPARD AVE W None M3H 2S1
